ENT_id,muni_name,muni_id,AEZ_id
01,San JosÃ© de Gracia,01008,9
01,TepezalÃ¡,01009,9
01,El Llano,01010,9
01,San Francisco de los Romo,01011,9
01,Aguascalientes,01001,9
01,Asientos,01002,9
01,Calvillo,01003,9
01,CosÃ­o,01004,9
01,JesÃºs MarÃ­a,01005,9
01,PabellÃ³n de Arteaga,01006,9
01,RincÃ³n de Romos,01007,9
02,Playas de Rosarito,02005,9
02,Mexicali,02002,7
02,Tecate,02003,9
02,Tijuana,02004,9
02,Ensenada,02001,9
02,San Felipe,02007,7
02,San QuintÃ­n,02006,7
03,ComondÃº,03001,1
03,MulegÃ©,03002,7
03,La Paz,03003,1
03,Los Cabos,03008,2
03,Loreto,03009,1
04,Carmen,04003,NA
04,Candelaria,04011,5
04,Campeche,04002,4
04,ChampotÃ³n,04004,5
04,Palizada,04007,6
04,Tenabo,04008,4
04,EscÃ¡rcega,04009,5
04,Calakmul,04010,5
04,DzitbalchÃ©,04013,4
04,HecelchakÃ¡n,04005,4
04,CalkinÃ­,04001,4
04,Seybaplaya,04012,4
04,HopelchÃ©n,04006,5
05,Lamadrid,05016,1
05,Sacramento,05029,1
05,Viesca,05036,2
05,JimÃ©nez,05014,8
05,TorreÃ³n,05035,8
05,AcuÃ±a,05002,7
05,Arteaga,05004,10
05,Candela,05005,8
05,Ramos Arizpe,05027,2
05,Francisco I. Madero,05009,1
05,San Pedro,05033,1
05,Parras,05024,2
05,Piedras Negras,05025,8
05,Matamoros,05017,1
05,Ocampo,05023,7
05,Monclova,05018,8
05,Guerrero,05012,8
05,Saltillo,05030,8
05,San Buenaventura,05031,8
05,MÃºzquiz,05020,8
05,Frontera,05010,7
05,Nadadores,05021,7
05,San Juan de Sabinas,05032,8
05,Escobedo,05008,8
05,CastaÃ±os,05006,1
05,Abasolo,05001,8
05,Cuatro CiÃ©negas,05007,7
05,Allende,05003,8
05,General Cepeda,05011,8
05,Hidalgo,05013,8
05,JuÃ¡rez,05015,8
05,Nava,05022,8
05,Progreso,05026,8
05,Morelos,05019,8
05,Sabinas,05028,8
05,Sierra Mojada,05034,2
05,Villa UniÃ³n,05037,8
05,Zaragoza,05038,8
06,ArmerÃ­a,06001,3
06,Colima,06002,3
06,CuauhtÃ©moc,06005,3
06,IxtlahuacÃ¡n,06006,3
06,Manzanillo,06007,3
06,CoquimatlÃ¡n,06004,3
06,Villa de Ãlvarez,06010,3
06,MinatitlÃ¡n,06008,3
06,TecomÃ¡n,06009,NA
06,Comala,06003,3
07,Suchiapa,07086,4
07,UniÃ³n JuÃ¡rez,07105,5
07,El Bosque,07014,6
07,CacahoatÃ¡n,07015,11
07,HuixtÃ¡n,07038,12
07,HuitiupÃ¡n,07039,6
07,IxtacomitÃ¡n,07043,6
07,Socoltenango,07083,4
07,Solosuchiapa,07084,6
07,Jitotol,07047,12
07,Las Margaritas,07052,6
07,Chiapilla,07028,4
07,MazatÃ¡n,07054,4
07,Amatenango de la Frontera,07006,4
07,Tapalapa,07090,12
07,Totolapa,07098,4
07,TumbalÃ¡,07100,6
07,Chapultenango,07025,6
07,Chiapa de Corzo,07027,4
07,Huixtla,07040,4
07,La Independencia,07041,12
07,IxhuatÃ¡n,07042,6
07,Ixtapa,07044,4
07,Ixtapangajoya,07045,6
07,JuÃ¡rez,07048,6
07,Tapachula,07089,5
07,Frontera Hidalgo,07035,5
07,La Grandeza,07036,11
07,Ocosingo,07059,6
07,Villa ComaltitlÃ¡n,07071,4
07,Ocozocoautla de Espinosa,07061,4
07,Oxchuc,07064,12
07,PantelhÃ³,07066,6
07,San CristÃ³bal de las Casas,07078,11
07,Escuintla,07032,4
07,HuehuetÃ¡n,07037,4
07,Pichucalco,07068,6
07,Pijijiapan,07069,4
07,CatazajÃ¡,07016,6
07,Mezcalapa,07124,5
07,AmatÃ¡n,07005,6
07,Amatenango del Valle,07007,11
07,Siltepec,07080,10
07,Pantepec,07067,6
07,Palenque,07065,6
07,Salto de Agua,07077,6
07,Emiliano Zapata,07123,4
07,El Parral,07122,4
07,Las Rosas,07075,5
07,Sabanilla,07076,6
07,CapitÃ¡n Luis Ãngel Vidal,07120,11
07,Cintalapa,07017,4
07,Coapilla,07018,6
07,ComitÃ¡n de DomÃ­nguez,07019,11
07,La Concordia,07020,4
07,CopainalÃ¡,07021,5
07,Reforma,07074,6
07,SitalÃ¡,07082,6
07,San Juan Cancuc,07112,6
07,Tenejapa,07093,12
07,MarquÃ©s de Comillas,07116,6
07,BenemÃ©rito de las AmÃ©ricas,07114,6
07,ChilÃ³n,07031,6
07,Chicomuselo,07030,4
07,Acacoyagua,07001,4
07,Acala,07002,4
07,Acapetahua,07003,4
07,Altamirano,07004,6
07,Ãngel Albino Corzo,07008,4
07,Arriaga,07009,4
07,BerriozÃ¡bal,07012,4
07,Bochil,07013,6
07,Jiquipilas,07046,4
07,ChalchihuitÃ¡n,07022,6
07,TecpatÃ¡n,07092,5
07,Teopisca,07094,5
07,El Porvenir,07070,11
07,Simojovel,07081,6
07,Honduras de la Sierra,07125,4
07,Sunuapa,07088,6
07,Motozintla,07057,11
07,Tila,07096,6
07,TonalÃ¡,07097,4
07,La Trinitaria,07099,5
07,Tuxtla GutiÃ©rrez,07101,4
07,Tuxtla Chico,07102,5
07,TuzantÃ¡n,07103,4
07,Tzimol,07104,4
07,Venustiano Carranza,07106,4
07,Villa Corzo,07107,4
07,Villaflores,07108,4
07,YajalÃ³n,07109,6
07,San Fernando,07079,4
07,Suchiate,07087,5
07,RincÃ³n Chamula San Pedro,07121,12
07,Frontera Comalapa,07034,4
07,OstuacÃ¡n,07062,6
07,Santiago el Pinar,07119,6
07,LarrÃ¡inzar,07049,12
07,La Libertad,07050,6
07,Mapastepec,07051,4
07,Pueblo Nuevo SolistahuacÃ¡n,07072,12
07,San Lucas,07110,4
07,ZinacantÃ¡n,07111,11
07,Chamula,07023,11
07,ChenalhÃ³,07026,6
07,Bejucal de Ocampo,07010,4
07,Bella Vista,07011,4
07,Chanal,07024,12
07,ChicoasÃ©n,07029,5
07,Francisco LeÃ³n,07033,6
07,Mazapa de Madero,07053,5
07,Metapa,07055,5
07,Mitontic,07056,12
07,NicolÃ¡s RuÃ­z,07058,4
07,Ocotepec,07060,6
07,Osumacinta,07063,4
07,RayÃ³n,07073,12
07,SoyalÃ³,07085,5
07,Tapilula,07091,6
07,Aldama,07113,6
07,Maravilla Tenejapa,07115,6
07,Montecristo de Guerrero,07117,4
07,San AndrÃ©s Duraznal,07118,6
08,MatachÃ­,08043,8
08,Allende,08003,8
08,Coronado,08014,8
08,SatevÃ³,08061,8
08,Saucillo,08062,8
08,TemÃ³sachic,08063,9
08,Valle de Zaragoza,08067,8
08,Matamoros,08044,9
08,Meoqui,08045,8
08,Morelos,08046,10
08,Moris,08047,10
08,Namiquipa,08048,8
08,Aldama,08002,7
08,San Francisco del Oro,08059,9
08,JuÃ¡rez,08037,7
08,Chihuahua,08019,8
08,Santa Isabel,08024,8
08,El Tule,08064,9
08,Gran Morelos,08026,8
08,Guachochi,08027,10
08,Guadalupe,08028,7
08,Guazapares,08030,3
08,Hidalgo del Parral,08032,8
08,HuejotitÃ¡n,08033,9
08,Ignacio Zaragoza,08034,8
08,Janos,08035,7
08,Julimes,08038,8
08,LÃ³pez,08039,8
08,Madera,08040,10
08,Manuel Benavides,08042,7
08,AscensiÃ³n,08005,7
08,Ojinaga,08052,7
08,BachÃ­niva,08006,8
08,Batopilas de Manuel GÃ³mez MorÃ­n,08008,3
08,Bocoyna,08009,10
08,Buenaventura,08010,7
08,Camargo,08011,8
08,CarichÃ­,08012,9
08,Casas Grandes,08013,8
08,Coyame del Sotol,08015,7
08,La Cruz,08016,8
08,CuauhtÃ©moc,08017,8
08,ChÃ­nipas,08020,3
08,Delicias,08021,8
08,Dr. Belisario DomÃ­nguez,08022,8
08,Galeana,08023,8
08,GÃ³mez FarÃ­as,08025,9
08,Rosales,08055,8
08,Guerrero,08031,9
08,Nuevo Casas Grandes,08050,7
08,Ocampo,08051,9
08,Riva Palacio,08054,8
08,Rosario,08056,8
08,San Francisco de Conchos,08058,8
08,Ahumada,08001,7
08,Balleza,08007,9
08,Cusihuiriachi,08018,8
08,Urique,08065,10
08,Uruachi,08066,10
08,Maguarichi,08041,10
08,Aquiles SerdÃ¡n,08004,8
08,Praxedis G. Guerrero,08053,7
08,San Francisco de Borja,08057,8
08,Santa BÃ¡rbara,08060,9
08,Guadalupe y Calvo,08029,11
08,JimÃ©nez,08036,2
08,Nonoava,08049,9
09,CoyoacÃ¡n,09003,10
09,Iztapalapa,09007,10
09,La Magdalena Contreras,09008,10
09,Milpa Alta,09009,10
09,Ãlvaro ObregÃ³n,09010,10
09,TlÃ¡huac,09011,10
09,Tlalpan,09012,10
09,Xochimilco,09013,10
09,Iztacalco,09006,10
09,CuauhtÃ©moc,09015,10
09,Venustiano Carranza,09017,10
09,Azcapotzalco,09002,10
09,Miguel Hidalgo,09016,10
09,Gustavo A. Madero,09005,10
09,Cuajimalpa de Morelos,09004,10
09,Benito JuÃ¡rez,09014,10
10,Pueblo Nuevo,10023,11
10,San Bernardo,10025,9
10,San Juan de Guadalupe,10027,8
10,Tepehuanes,10035,11
10,San Dimas,10026,11
10,OtÃ¡ez,10019,11
10,Poanas,10022,9
10,Canelas,10002,11
10,Coneto de Comonfort,10003,8
10,CuencamÃ©,10004,8
10,General SimÃ³n BolÃ­var,10006,2
10,Guadalupe Victoria,10008,8
10,GuanacevÃ­,10009,10
10,Hidalgo,10010,8
10,IndÃ©,10011,8
10,Santa Clara,10031,8
10,MapimÃ­,10013,2
10,Nombre de Dios,10016,9
10,El Oro,10018,8
10,PÃ¡nuco de Coronado,10020,8
10,Santiago Papasquiaro,10032,11
10,GÃ³mez Palacio,10007,1
10,Nazas,10015,2
10,San Juan del RÃ­o,10028,2
10,San Pedro del Gallo,10030,8
10,PeÃ±Ã³n Blanco,10021,8
10,Rodeo,10024,2
10,Tamazula,10034,10
10,Nuevo Ideal,10039,9
10,CanatlÃ¡n,10001,9
10,Durango,10005,9
10,Lerdo,10012,1
10,Mezquital,10014,9
10,Ocampo,10017,9
10,Vicente Guerrero,10038,9
10,SÃºchil,10033,9
10,Topia,10037,11
10,San Luis del Cordero,10029,2
10,Tlahualilo,10036,1
11,Santa Cruz de Juventino Rosas,11035,9
11,San Francisco del RincÃ³n,11031,9
11,Comonfort,11009,9
11,Guanajuato,11015,9
11,HuanÃ­maro,11016,3
11,Irapuato,11017,3
11,Jaral del Progreso,11018,3
11,JerÃ©cuaro,11019,10
11,LeÃ³n,11020,9
11,MoroleÃ³n,11021,9
11,PurÃ­sima del RincÃ³n,11025,9
11,Romita,11026,9
11,Salamanca,11027,3
11,Salvatierra,11028,10
11,San Diego de la UniÃ³n,11029,9
11,San JosÃ© Iturbide,11032,9
11,San Luis de la Paz,11033,9
11,Santa Catarina,11034,3
11,Victoria,11043,9
11,XichÃº,11045,3
11,Atarjea,11006,3
11,Cortazar,11011,3
11,CuerÃ¡maro,11012,9
11,Santiago MaravatÃ­o,11036,10
11,Tarandacuao,11038,10
11,Tarimoro,11039,10
11,Tierra Blanca,11040,9
11,AcÃ¡mbaro,11002,10
11,Doctor Mora,11013,9
11,Dolores Hidalgo Cuna de la Independencia Nacional,11014,9
11,Ocampo,11022,9
11,Pueblo Nuevo,11024,3
11,San Felipe,11030,9
11,Uriangato,11041,10
11,San Miguel de Allende,11003,9
11,Apaseo el Alto,11004,9
11,Apaseo el Grande,11005,9
11,Celaya,11007,9
11,Manuel Doblado,11008,9
11,Abasolo,11001,3
11,PÃ©njamo,11023,3
11,Silao de la Victoria,11037,9
11,Valle de Santiago,11042,3
11,VillagrÃ¡n,11044,3
11,Yuriria,11046,3
11,Coroneo,11010,10
12,Tlapehuala,12067,4
12,MetlatÃ³noc,12043,4
12,Iliatenco,12081,4
12,Tlapa de Comonfort,12066,4
12,Cochoapa el Grande,12078,4
12,JosÃ© JoaquÃ­n de Herrera,12079,10
12,Acatepec,12076,4
12,Marquelia,12077,4
12,Zitlala,12074,4
12,Eduardo Neri,12075,4
12,Xochistlahuaca,12071,4
12,ZapotitlÃ¡n Tablas,12072,10
12,XalpatlÃ¡huac,12069,4
12,XochihuehuetlÃ¡n,12070,4
12,TÃ©cpan de Galeana,12057,4
12,Teloloapan,12058,4
12,Taxco de AlarcÃ³n,12055,4
12,Tecoanapa,12056,4
12,PetatlÃ¡n,12048,4
12,San Marcos,12053,4
12,San Miguel Totolapan,12054,4
12,San Luis AcatlÃ¡n,12052,4
12,Quechultenango,12051,4
12,Pilcaya,12049,4
12,Pungarabato,12050,4
12,Pedro Ascencio Alquisiras,12047,4
12,OlinalÃ¡,12045,4
12,Ometepec,12046,4
12,MÃ¡rtir de Cuilapan,12042,4
12,MochitlÃ¡n,12044,10
12,Leonardo Bravo,12040,4
12,Malinaltepec,12041,10
12,Zihuatanejo de Azueta,12038,4
12,Juan R. Escudero,12039,4
12,Igualapa,12036,4
12,Ixcateopan de CuauhtÃ©moc,12037,4
12,Ahuacuotzingo,12002,4
12,AjuchitlÃ¡n del Progreso,12003,4
12,Huitzuco de los Figueroa,12034,4
12,Iguala de la Independencia,12035,4
12,General Heliodoro Castillo,12032,4
12,HuamuxtitlÃ¡n,12033,4
12,Florencio Villarreal,12030,4
12,General Canuto A. Neri,12031,4
12,Chilapa de Ãlvarez,12028,4
12,Chilpancingo de los Bravo,12029,4
12,Cuetzala del Progreso,12026,4
12,Cutzamala de PinzÃ³n,12027,4
12,Cuautepec,12025,4
12,Tlacoachistlahuaca,12062,4
12,Tepecoacuilco de Trujano,12059,4
12,Tixtla de Guerrero,12061,4
12,Tetipac,12060,10
12,Tlacoapa,12063,4
12,Coyuca de CatalÃ¡n,12022,4
12,Cuajinicuilapa,12023,4
12,Copanatoyac,12020,4
12,Coyuca de BenÃ­tez,12021,4
12,Coahuayutla de JosÃ© MarÃ­a Izazaga,12016,3
12,Cocula,12017,4
12,Benito JuÃ¡rez,12014,4
12,Buenavista de CuÃ©llar,12015,4
12,Ayutla de los Libres,12012,4
12,AzoyÃº,12013,4
12,Atlixtac,12010,10
12,Atoyac de Ãlvarez,12011,4
12,Atenango del RÃ­o,12008,4
12,Atlamajalcingo del Monte,12009,10
12,ZirÃ¡ndaro,12073,3
12,Alcozauca de Guerrero,12004,10
12,La UniÃ³n de Isidoro Montes de Oca,12068,3
12,Acapulco de JuÃ¡rez,12001,4
12,Alpoyeca,12005,4
12,CualÃ¡c,12024,4
12,Tlalixtaquilla de Maldonado,12065,4
12,JuchitÃ¡n,12080,4
12,Tlalchapa,12064,4
12,Copala,12018,4
12,Copalillo,12019,4
12,Apaxtla,12006,4
12,Arcelia,12007,4
13,Huichapan,13029,9
13,Lolotla,13034,12
13,Ixmiquilpan,13030,9
13,Jacala de Ledezma,13031,5
13,JuÃ¡rez Hidalgo,13033,11
13,Metepec,13035,10
13,San AgustÃ­n MetzquititlÃ¡n,13036,10
13,MetztitlÃ¡n,13037,10
13,Mineral del Chico,13038,8
13,Alfajayucan,13006,9
13,Almoloya,13007,8
13,Apan,13008,8
13,El Arenal,13009,8
13,Atitalaquia,13010,9
13,Atlapexco,13011,6
13,Atotonilco el Grande,13012,9
13,Atotonilco de Tula,13013,9
13,Calnali,13014,6
13,Cardonal,13015,10
13,Cuautepec de Hinojosa,13016,9
13,Emiliano Zapata,13021,8
13,Zempoala,13083,8
13,ZimapÃ¡n,13084,9
13,Tlahuiltepa,13071,11
13,Tlanalapa,13072,8
13,ZacualtipÃ¡n de Ãngeles,13081,11
13,ZapotlÃ¡n de JuÃ¡rez,13082,8
13,Tolcayuca,13075,8
13,Tula de Allende,13076,9
13,Xochiatipan,13078,6
13,Tlanchinol,13073,6
13,Chapantongo,13017,9
13,Nopala de VillagrÃ¡n,13044,9
13,OmitlÃ¡n de JuÃ¡rez,13045,8
13,San Felipe OrizatlÃ¡n,13046,6
13,Pacula,13047,10
13,Pachuca de Soto,13048,8
13,Pisaflores,13049,6
13,Tulancingo de Bravo,13077,9
13,ChapulhuacÃ¡n,13018,6
13,EloxochitlÃ¡n,13020,11
13,Epazoyucan,13022,8
13,Francisco I. Madero,13023,8
13,Huasca de Ocampo,13024,9
13,Tezontepec de Aldama,13067,8
13,Huautla,13025,6
13,Huazalingo,13026,6
13,Huehuetla,13027,6
13,Huejutla de Reyes,13028,6
13,NicolÃ¡s Flores,13043,10
13,Villa de Tezontepec,13066,8
13,Tianguistengo,13068,6
13,Tizayuca,13069,8
13,Chilcuautla,13019,8
13,JaltocÃ¡n,13032,6
13,Mixquiahuala de JuÃ¡rez,13041,8
13,XochicoatlÃ¡n,13079,12
13,Yahualica,13080,6
13,Agua Blanca de Iturbide,13004,10
13,Ajacuba,13005,8
13,Mineral del Monte,13039,8
13,La MisiÃ³n,13040,6
13,Molango de Escamilla,13042,5
13,Santiago Tulantepec de Lugo Guerrero,13056,9
13,Singuilucan,13057,9
13,Tasquillo,13058,9
13,Tecozautla,13059,9
13,Tenango de Doria,13060,10
13,Tepeapulco,13061,8
13,TepehuacÃ¡n de Guerrero,13062,6
13,Tepeji del RÃ­o de Ocampo,13063,9
13,Progreso de ObregÃ³n,13050,8
13,TepetitlÃ¡n,13064,9
13,Mineral de la Reforma,13051,8
13,San AgustÃ­n Tlaxiaca,13052,8
13,San Bartolo Tutotepec,13053,11
13,San Salvador,13054,8
13,Santiago de Anaya,13055,9
13,AcatlÃ¡n,13001,9
13,AcaxochitlÃ¡n,13002,10
13,Actopan,13003,8
13,Tetepango,13065,8
13,Tlahuelilpan,13070,9
13,Tlaxcoapan,13074,9
14,La Huerta,14043,3
14,Magdalena,14055,3
14,Tapalpa,14086,10
14,El LimÃ³n,14054,3
14,Cabo Corrientes,14020,3
14,Casimiro Castillo,14021,3
14,CihuatlÃ¡n,14022,3
14,ZapotlÃ¡n el Grande,14023,10
14,ConcepciÃ³n de Buenos Aires,14026,10
14,TecolotlÃ¡n,14088,10
14,Techaluta de Montenegro,14089,4
14,Totatiche,14104,9
14,TototlÃ¡n,14105,3
14,Tuxcacuesco,14106,3
14,Tuxcueca,14107,9
14,El Salto,14070,3
14,San CristÃ³bal de la Barranca,14071,3
14,Sayula,14082,4
14,Tala,14083,3
14,Ameca,14006,3
14,San Juanito de Escobedo,14007,3
14,Arandas,14008,9
14,El Arenal,14009,3
14,Valle de JuÃ¡rez,14112,10
14,San Gabriel,14113,10
14,Villa Corona,14114,4
14,ZapotitlÃ¡n de Vadillo,14122,3
14,ZapotlÃ¡n del Rey,14123,3
14,Zapotlanejo,14124,3
14,Acatic,14001,9
14,Amacueca,14004,4
14,TecalitlÃ¡n,14087,9
14,Zapopan,14120,3
14,Zapotiltic,14121,3
14,Tequila,14094,3
14,TeuchitlÃ¡n,14095,3
14,TizapÃ¡n el Alto,14096,10
14,Tlajomulco de ZÃºÃ±iga,14097,3
14,San Pedro Tlaquepaque,14098,3
14,TolimÃ¡n,14099,9
14,La Barca,14018,3
14,BolaÃ±os,14019,9
14,Cocula,14024,4
14,TomatlÃ¡n,14100,3
14,TonalÃ¡,14101,3
14,Tonaya,14102,3
14,Tonila,14103,3
14,HuejÃºcar,14041,9
14,Huejuquilla el Alto,14042,9
14,IxtlahuacÃ¡n de los Membrillos,14044,9
14,IxtlahuacÃ¡n del RÃ­o,14045,9
14,JalostotitlÃ¡n,14046,9
14,Jamay,14047,9
14,JesÃºs MarÃ­a,14048,9
14,JilotlÃ¡n de los Dolores,14049,3
14,Jocotepec,14050,10
14,JuanacatlÃ¡n,14051,9
14,JuchitlÃ¡n,14052,3
14,Lagos de Moreno,14053,9
14,Santa MarÃ­a del Oro,14056,3
14,La Manzanilla de la Paz,14057,10
14,Mascota,14058,9
14,Mazamitla,14059,10
14,MexticacÃ¡n,14060,9
14,Mezquitic,14061,9
14,MixtlÃ¡n,14062,9
14,OcotlÃ¡n,14063,9
14,Ojuelos de Jalisco,14064,9
14,Pihuamo,14065,3
14,TenamaxtlÃ¡n,14090,3
14,Teocaltiche,14091,9
14,TeocuitatlÃ¡n de Corona,14092,3
14,TepatitlÃ¡n de Morelos,14093,9
14,Ayutla,14017,9
14,Guadalajara,14039,3
14,PoncitlÃ¡n,14066,9
14,Tuxpan,14108,3
14,UniÃ³n de San Antonio,14109,9
14,UniÃ³n de Tula,14110,3
14,Atengo,14011,10
14,San Diego de AlejandrÃ­a,14072,9
14,San Juan de los Lagos,14073,9
14,San JuliÃ¡n,14074,9
14,San Marcos,14075,9
14,San MartÃ­n de BolaÃ±os,14076,3
14,San MartÃ­n Hidalgo,14077,3
14,San Miguel el Alto,14078,9
14,GÃ³mez FarÃ­as,14079,10
14,San SebastiÃ¡n del Oeste,14080,3
14,Santa MarÃ­a de los Ãngeles,14081,9
14,AcatlÃ¡n de JuÃ¡rez,14002,3
14,Ahualulco de Mercado,14003,3
14,AmatitÃ¡n,14005,3
14,ColotlÃ¡n,14025,9
14,CuautitlÃ¡n de GarcÃ­a BarragÃ¡n,14027,3
14,Cuautla,14028,9
14,CuquÃ­o,14029,9
14,Chapala,14030,3
14,ChimaltitÃ¡n,14031,9
14,ChiquilistlÃ¡n,14032,10
14,Degollado,14033,9
14,Ejutla,14034,3
14,EncarnaciÃ³n de DÃ­az,14035,9
14,EtzatlÃ¡n,14036,9
14,El Grullo,14037,3
14,Guachinango,14038,9
14,Hostotipaquillo,14040,3
14,Villa PurificaciÃ³n,14068,3
14,Quitupan,14069,10
14,Talpa de Allende,14084,3
14,Tamazula de Gordiano,14085,3
14,Valle de Guadalupe,14111,9
14,Villa Guerrero,14115,3
14,Villa Hidalgo,14116,9
14,CaÃ±adas de ObregÃ³n,14117,9
14,Yahualica de GonzÃ¡lez Gallo,14118,9
14,Zacoalco de Torres,14119,4
14,Atemajac de Brizuela,14010,10
14,Atotonilco el Alto,14013,9
14,Atoyac,14014,10
14,AutlÃ¡n de Navarro,14015,3
14,AyotlÃ¡n,14016,3
14,Puerto Vallarta,14067,3
14,Atenguillo,14012,9
14,San Ignacio Cerro Gordo,14125,9
15,Hueypoxtla,15036,9
15,Ixtapan de la Sal,15040,10
15,Ixtlahuaca,15042,10
15,Ocoyoacac,15062,10
15,Aculco,15003,10
15,Almoloya de JuÃ¡rez,15005,10
15,Apaxco,15010,9
15,Texcoco,15099,9
15,Amecameca,15009,10
15,Temascalcingo,15085,10
15,Tenancingo,15088,10
15,Ecatzingo,15034,10
15,Ixtapan del Oro,15041,10
15,ChimalhuacÃ¡n,15031,10
15,CuautitlÃ¡n Izcalli,15121,10
15,Valle de Chalco Solidaridad,15122,10
15,Atlautla,15015,10
15,Axapusco,15016,8
15,Ayapango,15017,10
15,Calimaya,15018,10
15,La Paz,15070,10
15,PolotitlÃ¡n,15071,9
15,RayÃ³n,15072,10
15,San Antonio la Isla,15073,10
15,CuautitlÃ¡n,15024,9
15,Tepetlaoxtoc,15093,9
15,Soyaniquilpan de JuÃ¡rez,15079,9
15,Chapa de Mota,15026,10
15,Tepetlixpa,15094,10
15,Chicoloapan,15029,10
15,Tenango del Valle,15090,10
15,TecÃ¡mac,15081,9
15,Otzolotepec,15067,10
15,Luvianos,15123,4
15,Coatepec Harinas,15021,10
15,Tlalmanalco,15103,10
15,Tultepec,15108,9
15,Villa de Allende,15111,10
15,Villa del CarbÃ³n,15112,10
15,Tlalnepantla de Baz,15104,10
15,Ocuilan,15063,10
15,Ozumba,15068,10
15,San SimÃ³n de Guerrero,15077,10
15,Tequixquiac,15096,9
15,Tonatico,15107,4
15,Acambay de RuÃ­z CastaÃ±eda,15001,10
15,Amatepec,15008,4
15,TultitlÃ¡n,15109,9
15,Zinacantepec,15118,10
15,Santo TomÃ¡s,15078,4
15,Sultepec,15080,4
15,Tejupilco,15082,4
15,Temascaltepec,15086,10
15,Chiautla,15028,9
15,Acolman,15002,9
15,Almoloya de Alquisiras,15004,10
15,Atenco,15011,9
15,AtizapÃ¡n de Zaragoza,15013,10
15,Atlacomulco,15014,10
15,Capulhuac,15019,10
15,Nextlalpan,15059,9
15,TeotihuacÃ¡n,15092,8
15,Naucalpan de JuÃ¡rez,15057,10
15,Temascalapa,15084,8
15,Tenango del Aire,15089,10
15,Metepec,15054,10
15,Morelos,15056,10
15,NezahualcÃ³yotl,15058,10
15,Jilotzingo,15046,10
15,Tlatlaya,15105,4
15,Toluca,15106,10
15,Valle de Bravo,15110,10
15,Zacazonapan,15116,4
15,ZumpahuacÃ¡n,15119,4
15,Zumpango,15120,9
15,Otumba,15065,8
15,Huehuetoca,15035,9
15,Huixquilucan,15037,10
15,Isidro Fabela,15038,10
15,Ixtapaluca,15039,10
15,San MartÃ­n de las PirÃ¡mides,15075,8
15,Teoloyucan,15091,9
15,Xalatlaco,15043,10
15,Jiquipilco,15047,10
15,JocotitlÃ¡n,15048,10
15,Lerma,15051,10
15,Villa Guerrero,15113,10
15,Villa Victoria,15114,10
15,Amanalco,15007,10
15,TepotzotlÃ¡n,15095,10
15,TexcaltitlÃ¡n,15097,10
15,Donato Guerra,15032,10
15,Ecatepec de Morelos,15033,9
15,Timilpan,15102,10
15,Temoaya,15087,10
15,Papalotla,15069,9
15,AtizapÃ¡n,15012,10
15,NicolÃ¡s Romero,15060,10
15,Nopaltepec,15061,8
15,El Oro,15064,10
15,Otzoloapan,15066,4
15,Chalco,15025,10
15,San Felipe del Progreso,15074,10
15,Jaltenco,15044,9
15,Joquicingo,15049,10
15,Malinalco,15052,4
15,Juchitepec,15050,10
15,Tianguistenco,15101,10
15,Jilotepec,15045,9
15,XonacatlÃ¡n,15115,10
15,Zacualpan,15117,10
15,San JosÃ© del RincÃ³n,15124,10
15,Tonanitla,15125,9
15,Almoloya del RÃ­o,15006,10
15,Coacalco de BerriozÃ¡bal,15020,9
15,CocotitlÃ¡n,15022,10
15,Chapultepec,15027,10
15,Chiconcuac,15030,9
15,Melchor Ocampo,15053,9
15,Mexicaltzingo,15055,10
15,San Mateo Atenco,15076,10
15,Temamatla,15083,10
15,Texcalyacac,15098,10
15,Tezoyuca,15100,9
15,Coyotepec,15023,9
16,Turicato,16097,4
16,Tuxpan,16098,10
16,Ziracuaretiro,16111,10
16,ZitÃ¡cuaro,16112,10
16,Tlazazalca,16094,9
16,Tocumbo,16095,4
16,TumbiscatÃ­o,16096,4
16,JosÃ© Sixto Verduzco,16113,3
16,Tangamandapio,16084,10
16,TangancÃ­cuaro,16085,10
16,Huetamo,16038,3
16,Epitacio Huerta,16031,10
16,ErongarÃ­cuaro,16032,10
16,Gabriel Zamora,16033,3
16,Quiroga,16073,10
16,Tiquicheo de NicolÃ¡s Romero,16092,4
16,Tlalpujahua,16093,10
16,Tzintzuntzan,16100,10
16,Tzitzio,16101,4
16,Ario,16009,4
16,Arteaga,16010,4
16,BriseÃ±as,16011,9
16,Chilchota,16025,10
16,Chinicuila,16026,3
16,TarÃ­mbaro,16088,10
16,Tepalcatepec,16089,3
16,Huiramba,16039,10
16,Indaparapeo,16040,10
16,Irimbo,16041,10
16,IxtlÃ¡n,16042,9
16,Jacona,16043,10
16,JimÃ©nez,16044,10
16,Jiquilpan,16045,10
16,JuÃ¡rez,16046,4
16,Jungapeo,16047,10
16,Lagunillas,16048,10
16,Madero,16049,4
16,MaravatÃ­o,16050,10
16,Marcos Castellanos,16051,10
16,LÃ¡zaro CÃ¡rdenas,16052,3
16,Morelia,16053,10
16,PajacuarÃ¡n,16062,9
16,PanindÃ­cuaro,16063,9
16,ParÃ¡cuaro,16064,3
16,Paracho,16065,10
16,PÃ¡tzcuaro,16066,10
16,La Piedad,16069,9
16,PurÃ©pero,16070,10
16,PuruÃ¡ndiro,16071,9
16,CojumatlÃ¡n de RÃ©gules,16074,9
16,San Lucas,16077,3
16,Santa Ana Maya,16078,10
16,Salvador Escalante,16079,10
16,Senguio,16080,10
16,Susupuato,16081,4
16,TacÃ¡mbaro,16082,10
16,TancÃ­taro,16083,10
16,CarÃ¡cuaro,16013,4
16,Buenavista,16012,3
16,Nahuatzen,16056,10
16,Aquila,16008,3
16,Churumuco,16029,3
16,Ecuandureo,16030,9
16,MÃºgica,16055,3
16,ChucÃ¡ndiro,16027,10
16,Churintzio,16028,9
16,PeribÃ¡n,16068,10
16,Tuzantla,16099,4
16,YurÃ©cuaro,16106,3
16,Zacapu,16107,10
16,Zamora,16108,9
16,ZinÃ¡paro,16109,9
16,ZinapÃ©cuaro,16110,10
16,Hidalgo,16034,10
16,Los Reyes,16075,10
16,Sahuayo,16076,10
16,Vista Hermosa,16105,3
16,CherÃ¡n,16024,10
16,La Huacana,16035,3
16,Huandacareo,16036,10
16,Huaniqueo,16037,10
16,Acuitzio,16001,10
16,Aguililla,16002,3
16,Ãlvaro ObregÃ³n,16003,10
16,Angamacutiro,16004,3
16,Angangueo,16005,10
16,ApatzingÃ¡n,16006,3
16,Aporo,16007,10
16,Uruapan,16102,10
16,Venustiano Carranza,16103,9
16,Villamar,16104,10
16,NocupÃ©taro,16057,4
16,Nuevo Parangaricutiro,16058,10
16,Nuevo Urecho,16059,4
16,NumarÃ¡n,16060,3
16,Ocampo,16061,10
16,Taretan,16087,4
16,CopÃ¡ndaro,16018,10
16,Cotija,16019,10
16,Cuitzeo,16020,10
16,Charapan,16021,10
16,Charo,16022,10
16,Penjamillo,16067,9
16,QuerÃ©ndaro,16072,10
16,Tanhuato,16086,3
16,Coahuayana,16014,3
16,CoalcomÃ¡n de VÃ¡zquez Pallares,16015,3
16,Coeneo,16016,10
16,Contepec,16017,10
16,Chavinda,16023,9
16,Morelos,16054,10
16,Tingambato,16090,10
16,TingÃ¼indÃ­n,16091,10
17,Ayala,17004,3
17,MiacatlÃ¡n,17015,4
17,Zacatepec,17031,4
17,Puente de Ixtla,17017,4
17,Axochiapan,17003,3
17,Emiliano Zapata,17008,4
17,Ocuituco,17016,4
17,Tetela del VolcÃ¡n,17022,10
17,Hueyapan,17036,10
17,Mazatepec,17014,4
17,Temixco,17018,4
17,Yautepec,17029,4
17,Xochitepec,17028,4
17,Amacuzac,17001,4
17,Tlaquiltenango,17025,4
17,Totolapan,17027,10
17,TlaltizapÃ¡n de Zapata,17024,4
17,Huitzilac,17009,10
17,Jojutla,17012,4
17,Jiutepec,17011,4
17,TepoztlÃ¡n,17020,4
17,Atlatlahucan,17002,4
17,Cuautla,17006,4
17,Jantetelco,17010,3
17,Jonacatepec de Leandro Valle,17013,3
17,Tepalcingo,17019,4
17,Tetecala,17021,4
17,Tlayacapan,17026,4
17,Yecapixtla,17030,4
17,CoatlÃ¡n del RÃ­o,17005,4
17,Cuernavaca,17007,10
17,Xoxocotla,17035,4
17,Zacualpan de Amilpas,17032,4
17,Temoac,17033,4
17,Tlalnepantla,17023,10
17,Coatetelco,17034,4
18,Xalisco,18008,3
18,Tepic,18017,3
18,Acaponeta,18001,3
18,Santiago Ixcuintla,18015,3
18,IxtlÃ¡n del RÃ­o,18006,3
18,Del Nayar,18009,3
18,RuÃ­z,18011,3
18,Compostela,18004,3
18,Huajicori,18005,4
18,La Yesca,18019,3
18,BahÃ­a de Banderas,18020,3
18,AhuacatlÃ¡n,18002,3
18,Rosamorada,18010,3
18,San Blas,18012,NA
18,Tecuala,18016,3
18,Tuxpan,18018,3
18,AmatlÃ¡n de CaÃ±as,18003,9
18,Jala,18007,9
18,San Pedro Lagunillas,18013,3
18,Santa MarÃ­a del Oro,18014,3
19,Montemorelos,19038,4
19,General Zuazua,19025,4
19,Salinas Victoria,19045,4
19,Higueras,19028,4
19,Villaldama,19051,3
19,Doctor Coss,19015,8
19,Doctor GonzÃ¡lez,19016,4
19,GarcÃ­a,19018,3
19,Cadereyta JimÃ©nez,19009,4
19,Agualeguas,19002,3
19,Los Aldamas,19003,8
19,Allende,19004,4
19,AnÃ¡huac,19005,8
19,General Escobedo,19021,4
19,General TerÃ¡n,19022,10
19,General TreviÃ±o,19023,8
19,CiÃ©nega de Flores,19012,4
19,China,19013,9
19,Doctor Arroyo,19014,9
19,Galeana,19017,9
19,Abasolo,19001,4
19,General Zaragoza,19024,11
19,Mina,19037,2
19,Monterrey,19039,4
19,ParÃ¡s,19040,9
19,PesquerÃ­a,19041,4
19,Los Ramones,19042,10
19,Sabinas Hidalgo,19044,3
19,San NicolÃ¡s de los Garza,19046,4
19,Santa Catarina,19048,10
19,Aramberri,19007,11
19,Cerralvo,19011,3
19,Santiago,19049,11
19,General Bravo,19020,8
19,Los Herreras,19027,9
19,San Pedro Garza GarcÃ­a,19019,4
19,Lampazos de Naranjo,19032,8
19,Linares,19033,4
19,MarÃ­n,19034,4
19,Vallecillo,19050,9
19,JuÃ¡rez,19031,4
19,Hualahuises,19029,4
19,Bustamante,19008,2
19,El Carmen,19010,4
19,Iturbide,19030,10
19,Melchor Ocampo,19035,9
19,Mier y Noriega,19036,9
19,Rayones,19043,4
19,Hidalgo,19047,3
19,Guadalupe,19026,4
19,Apodaca,19006,4
20,Santiago NuyoÃ³,20481,10
20,Santiago Tamazola,20484,4
20,Santa Cruz Papalutla,20380,10
20,Santiago Tillo,20493,10
20,Santiago Yaitepec,20497,10
20,Santiago Yaveo,20498,5
20,Santo Domingo ChihuitÃ¡n,20508,4
20,Santa MarÃ­a del Rosario,20408,10
20,ChiquihuitlÃ¡n de Benito JuÃ¡rez,20027,12
20,Heroica Ciudad de Ejutla de Crespo,20028,10
20,Santo Domingo IxcatlÃ¡n,20510,10
20,Santo Domingo Roayaga,20514,12
20,Santo Domingo Tepuxtepec,20517,11
20,Santo Domingo TlatayÃ¡pam,20518,10
20,Santo Domingo Tonaltepec,20521,11
20,San Pedro Mixtepec,20318,4
20,San Miguel Chicahua,20264,11
20,San Miguel TilquiÃ¡pam,20284,10
20,Santo Domingo YanhuitlÃ¡n,20523,11
20,Santo Domingo Yodohino,20524,10
20,San Pedro Coxcaltepec CÃ¡ntaros,20304,11
20,San Miguel Tlacotepec,20286,10
20,Santa MarÃ­a Ecatepec,20410,3
20,San Miguel Yotao,20288,12
20,San Pedro Comitancillo,20305,4
20,Santa Cruz Mixtepec,20378,10
20,San Pedro Jaltepetongo,20311,12
20,San Pedro JicayÃ¡n,20312,4
20,San Pedro Jocotipac,20313,12
20,San Luis AmatlÃ¡n,20235,10
20,San Pablo Huixtepec,20295,4
20,Santa Ana Yareni,20359,12
20,Santa Catarina Minas,20368,10
20,San Lorenzo,20225,4
20,San Mateo del Mar,20248,NA
20,San Pedro MÃ¡rtir,20315,4
20,Magdalena Tlacotepec,20053,4
20,San Pedro Amuzgos,20300,4
20,San Pedro MÃ¡rtir Quiechapa,20316,10
20,San Pedro ApÃ³stol,20301,4
20,San Pedro Nopala,20321,10
20,San Pedro Atoyac,20302,4
20,Santiago Apoala,20451,12
20,San Pedro TotolÃ¡pam,20333,4
20,Villa de Tututepec,20334,4
20,San Pedro Cajonos,20303,12
20,San Pedro Mixtepec,20319,10
20,Santa MarÃ­a Tepantlali,20435,11
20,Santa MarÃ­a Tlahuitoltepec,20437,12
20,Santa MarÃ­a Xadani,20441,4
20,Santa MarÃ­a Yucuhiti,20446,10
20,Santa MarÃ­a Zacatepec,20447,4
20,Santiago Juxtlahuaca,20469,10
20,San Pedro Huamelula,20307,3
20,San Pedro Huilotepec,20308,3
20,San Pedro TidaÃ¡,20331,10
20,Santo Domingo de Morelos,20509,4
20,Santo Domingo NuxaÃ¡,20511,10
20,Santo Domingo Petapa,20513,4
20,San Pedro Juchatengo,20314,10
20,Magdalena Yodocono de Porfirio DÃ­az,20562,10
20,San Pedro MÃ¡rtir Yucuxaco,20317,10
20,Reforma de Pineda,20075,4
20,San Pedro Ocopetatillo,20322,12
20,Santiago Cacaloxtepec,20456,10
20,Santiago CamotlÃ¡n,20457,6
20,San Pedro Ocotepec,20323,5
20,San SebastiÃ¡n Abasolo,20343,10
20,Santiago Nundiche,20480,10
20,Santiago Pinotepa Nacional,20482,4
20,San Pedro Quiatoni,20325,10
20,Santa Ana Zegache,20360,4
20,San Lorenzo Cuaunecuiltitla,20228,12
20,San Pedro SochiÃ¡pam,20326,12
20,San Pedro Taviche,20328,10
20,San Miguel Mixtepec,20271,10
20,San Juan Lalana,20205,5
20,San Miguel Soyaltepec,20278,6
20,San Lorenzo TexmelÃºcan,20229,10
20,San Pedro Yaneri,20335,12
20,San JosÃ© Lachiguiri,20170,10
20,San Lorenzo Victoria,20230,4
20,San JosÃ© Ayuquila,20165,3
20,San Pedro Tapanatepec,20327,4
20,San Pedro YÃ³lox,20336,12
20,San Pedro Teozacoalco,20329,10
20,San Pedro Teutila,20330,12
20,San JosÃ© del PeÃ±asco,20167,10
20,San Pedro y San Pablo Tequixtepec,20340,9
20,San Juan del Estado,20193,11
20,San Juan Lachao,20202,10
20,San Juan Quiotepec,20214,12
20,San Pedro y San Pablo Teposcolula,20339,10
20,San Pedro Yucunama,20341,11
20,San Juan TabaÃ¡,20216,6
20,San Juan Tamazola,20217,10
20,San Lorenzo Cacaotepec,20227,4
20,San Raymundo Jalpan,20342,4
20,ZimatlÃ¡n de Ãlvarez,20570,10
20,San Marcial Ozolotepec,20236,10
20,San Marcos Arteaga,20237,4
20,San Miguel AmatitlÃ¡n,20261,4
20,San Miguel AmatlÃ¡n,20262,12
20,San Miguel del Puerto,20266,3
20,Villa Sola de Vega,20277,10
20,San Mateo PiÃ±as,20253,4
20,San Mateo RÃ­o Hondo,20254,10
20,San Miguel Panixtlahuaca,20272,10
20,San Miguel Peras,20273,10
20,San Miguel Quetzaltepec,20275,5
20,San SebastiÃ¡n Ixcapa,20345,4
20,San Miguel Tulancingo,20287,10
20,San Pablo CoatlÃ¡n,20291,10
20,San Pablo Villa de Mitla,20298,11
20,San SebastiÃ¡n Nicananduta,20346,10
20,San SebastiÃ¡n Teitipac,20349,10
20,San Juan Bautista Suchitepec,20181,10
20,San Juan GuelavÃ­a,20197,10
20,San Juan Bautista Tlacoatzintepec,20182,12
20,San Juan Ihualtepec,20199,4
20,San Lucas CamotlÃ¡n,20231,5
20,San MartÃ­n HuamelÃºlpam,20239,10
20,San Miguel Chimalapa,20265,4
20,Loma Bonita,20044,6
20,Villa de Etla,20338,11
20,San SebastiÃ¡n CoatlÃ¡n,20344,4
20,San Juan ChicomezÃºchil,20191,12
20,Santa Catarina Loxicha,20366,4
20,Santa Cruz Itundujia,20377,4
20,ConcepciÃ³n Buenavista,20018,10
20,Guevea de Humboldt,20036,4
20,Santa MarÃ­a ChachoÃ¡pam,20404,11
20,Santa MarÃ­a Chimalapa,20407,4
20,AsunciÃ³n Ixtaltepec,20005,4
20,San Mateo YoloxochitlÃ¡n,20249,12
20,San Mateo Tlapiltepec,20256,10
20,San Juan Bautista Tlachichilco,20183,4
20,San SebastiÃ¡n RÃ­o Hondo,20347,10
20,San SebastiÃ¡n Tecomaxtlahuaca,20348,10
20,Santa Ana del Valle,20356,11
20,Santa MarÃ­a Chilchotla,20406,6
20,San SebastiÃ¡n Tutla,20350,4
20,Santa Ana Tavela,20357,4
20,San SimÃ³n ZahuatlÃ¡n,20352,4
20,Santa Ana,20353,10
20,Santa Ana Ateixtlahuaca,20354,12
20,Santiago Zacatepec,20502,5
20,Santa Ana CuauhtÃ©moc,20355,12
20,San Pablo Tijaltepec,20297,10
20,San MartÃ­n Peras,20242,10
20,San Dionisio del Mar,20130,4
20,San Francisco Telixtlahuaca,20150,11
20,San Miguel Suchixtepec,20279,10
20,San Miguel AloÃ¡pam,20260,12
20,San Pablo Yaganiza,20299,12
20,TamazulÃ¡pam del EspÃ­ritu Santo,20031,12
20,Santa MarÃ­a Colotepec,20401,4
20,Santiago Zoochila,20503,12
20,San Juan Yatzona,20223,6
20,Ãnimas Trujano,20174,4
20,Santa Catarina Cuixtla,20362,10
20,Santa Ana Tlapacoyan,20358,10
20,Santa Catalina QuierÃ­,20361,10
20,"Heroica Villa TezoatlÃ¡n de Segura y Luna, Cuna de la Independencia de Oaxaca",20549,10
20,Santa Catarina MechoacÃ¡n,20367,4
20,Santa Catarina Ixtepeji,20363,12
20,Santa Catarina Zapoquila,20373,10
20,Santa Catarina QuianÃ©,20369,4
20,Santa InÃ©s de Zaragoza,20569,10
20,Santa Catarina Tayata,20370,10
20,Santa Cruz Tacache de Mina,20381,4
20,Santa Catarina YosonotÃº,20372,10
20,San Juan Bautista JayacatlÃ¡n,20179,12
20,Santa Cruz Acatepec,20374,12
20,Santa Cruz Nundaco,20379,11
20,Santa Cruz Amilpas,20375,4
20,Santa Cruz de Bravo,20376,10
20,Santa Cruz Tacahua,20382,10
20,Santiago YosondÃºa,20500,10
20,MÃ¡rtires de Tacubaya,20056,4
20,San Juan Evangelista Analco,20196,12
20,Santa Cruz Tayata,20383,10
20,Santa MarÃ­a Jalapa del MarquÃ©s,20418,4
20,MatÃ­as Romero AvendaÃ±o,20057,5
20,MazatlÃ¡n Villa de Flores,20058,12
20,MiahuatlÃ¡n de Porfirio DÃ­az,20059,10
20,San Juan Bautista CuicatlÃ¡n,20177,6
20,San Pablo Etla,20293,11
20,San Juan Comaltepec,20189,6
20,Santa Cruz Xitla,20384,10
20,Nejapa de Madero,20064,4
20,San Antonino el Alto,20104,10
20,Santa Gertrudis,20387,4
20,San Juan Lachigalla,20203,10
20,Santa InÃ©s del Monte,20388,10
20,Santa MarÃ­a Nduayaco,20423,10
20,Santiago Jocotepec,20468,6
20,Santiago Lachiguiri,20470,4
20,San Juan Lajarcia,20204,4
20,San Juan Chilateca,20192,4
20,Santa MarÃ­a LachixÃ­o,20420,10
20,Santa LucÃ­a del Camino,20390,4
20,Santa LucÃ­a MiahuatlÃ¡n,20391,10
20,Santa MarÃ­a Tataltepec,20430,10
20,Santa LucÃ­a Monteverde,20392,10
20,Santa LucÃ­a OcotlÃ¡n,20393,4
20,Santa MarÃ­a Alotepec,20394,5
20,Santa MarÃ­a Apazco,20395,12
20,Santa MarÃ­a la AsunciÃ³n,20396,12
20,Santa MarÃ­a CamotlÃ¡n,20400,10
20,Santa MarÃ­a Cortijo,20402,4
20,Villa de Chilapa de DÃ­az,20405,10
20,Santa MarÃ­a Temaxcalapa,20432,12
20,Santa MarÃ­a del Tule,20409,10
20,Santa MarÃ­a GuelacÃ©,20411,10
20,Santa MarÃ­a Guienagati,20412,4
20,Santa MarÃ­a HuazolotitlÃ¡n,20414,4
20,Santa MarÃ­a Ipalapa,20415,4
20,Santa MarÃ­a IxcatlÃ¡n,20416,12
20,Santa MarÃ­a Mixtequilla,20421,3
20,Santa MarÃ­a Temaxcaltepec,20433,4
20,Santa MarÃ­a PÃ¡palo,20425,12
20,Santa MarÃ­a TexcatitlÃ¡n,20436,12
20,Santa MarÃ­a Sola,20429,10
20,Santa MarÃ­a Tecomavaca,20431,12
20,Santa MarÃ­a Teopoxco,20434,12
20,Santa MarÃ­a Tlalixtac,20438,12
20,Santa MarÃ­a Yalina,20442,12
20,Santa MarÃ­a Yolotepec,20444,4
20,San MartÃ­n Zacatepec,20245,4
20,Santa MarÃ­a YavesÃ­a,20443,12
20,Santa MarÃ­a YosoyÃºa,20445,10
20,Santa MarÃ­a Zaniza,20448,4
20,San Mateo Cajonos,20246,12
20,San Miguel Santa Flor,20276,12
20,Santa MarÃ­a ZoquitlÃ¡n,20449,4
20,Santiago ApÃ³stol,20452,4
20,Santiago HuajolotitlÃ¡n,20462,10
20,San Mateo Etlatongo,20250,10
20,Santiago Astata,20453,3
20,San Mateo NejÃ¡pam,20251,4
20,San Juan Sayultepec,20215,10
20,San Miguel TecomatlÃ¡n,20281,10
20,Santiago Huauclilla,20463,11
20,Santiago AtitlÃ¡n,20454,12
20,Santiago Ayuquililla,20455,3
20,Santiago Comaltepec,20458,12
20,Santiago del RÃ­o,20461,10
20,Magdalena Teitipac,20051,10
20,San JosÃ© Independencia,20169,6
20,Santiago Ixcuintepec,20465,4
20,Santiago Jamiltepec,20467,4
20,Santiago Lalopa,20471,12
20,Santiago Laollaga,20472,4
20,Santiago Laxopa,20473,12
20,Santiago Llano Grande,20474,4
20,Sitio de Xitlapehua,20538,10
20,Santiago MatatlÃ¡n,20475,10
20,Santiago Nacaltepec,20478,12
20,Santiago Miltepec,20476,10
20,Santiago Nejapilla,20479,10
20,Santiago Suchilquitongo,20483,10
20,Villa TejÃºpam de la UniÃ³n,20486,10
20,Santiago Tenango,20487,11
20,San Miguel AhuehuetitlÃ¡n,20259,4
20,Santiago ChoÃ¡pam,20460,6
20,Santiago Tetepec,20489,4
20,Santiago Texcalcingo,20490,12
20,Santiago Tlazoyaltepec,20494,10
20,San Mateo Sindihui,20255,10
20,Santiago YolomÃ©catl,20499,10
20,Santiago XiacuÃ­,20496,12
20,Nuevo ZoquiÃ¡pam,20504,12
20,San BartolomÃ© Loxicha,20117,4
20,ZapotitlÃ¡n Palmas,20568,10
20,San Miguel Achiutla,20258,10
20,Santo Domingo Tomaltepec,20519,10
20,Santiago Yucuyachi,20501,4
20,Santo Domingo Ingenio,20505,4
20,Santo Domingo Albarradas,20506,12
20,Santo Domingo Armenta,20507,4
20,Santo Domingo Ozolotepec,20512,10
20,Santos Reyes YucunÃ¡,20529,4
20,San Vicente LachixÃ­o,20535,10
20,Santo Domingo TonalÃ¡,20520,4
20,Santo Domingo XagacÃ­a,20522,12
20,San Vicente NuÃ±Ãº,20536,10
20,Santos Reyes PÃ¡palo,20527,12
20,Santos Reyes Tepejillo,20528,10
20,Santo TomÃ¡s Jalieza,20530,10
20,Santo TomÃ¡s Mazaltepec,20531,10
20,Santo Domingo Tehuantepec,20515,3
20,Santo Domingo Teojomulco,20516,4
20,Santo TomÃ¡s Ocotepec,20532,10
20,Santo TomÃ¡s Tamazulapan,20533,10
20,Tanetze de Zaragoza,20541,12
20,Soledad Etla,20539,4
20,Villa de TamazulÃ¡pam del Progreso,20540,10
20,San Juan del RÃ­o,20194,11
20,Ciudad Ixtepec,20014,4
20,Taniche,20542,4
20,Coatecas Altas,20015,10
20,Teococuilco de Marcos PÃ©rez,20544,12
20,Tlacotepec Plumas,20552,10
20,TeotitlÃ¡n de Flores MagÃ³n,20545,5
20,TeotitlÃ¡n del Valle,20546,11
20,Teotongo,20547,10
20,San Pedro Topiltepec,20332,10
20,San JerÃ³nimo Tlacochahuaya,20550,11
20,San Juan Teita,20218,10
20,Tlalixtac de Cabrera,20553,11
20,Valerio Trujano,20558,6
20,San Juan CotzocÃ³n,20190,5
20,Totontepec Villa de Morelos,20554,12
20,Santa MarÃ­a Huatulco,20413,3
20,Trinidad Zaachila,20555,4
20,Yaxe,20561,10
20,San Juan Atepec,20173,12
20,UniÃ³n Hidalgo,20557,4
20,Constancia del Rosario,20020,4
20,Yogana,20563,10
20,El Espinal,20030,4
20,San Juan Diuxi,20195,10
20,Yutanduchi de Guerrero,20564,10
20,ZapotitlÃ¡n Lagunas,20567,4
20,Abejones,20001,12
20,AsunciÃ³n Cacalotepec,20003,11
20,San Mateo Yucutindoo,20566,10
20,CoicoyÃ¡n de las Flores,20016,4
20,San Juan Bautista Coixtlahuaca,20176,11
20,San Juan CoatzÃ³spam,20187,12
20,Santo Domingo Zanatepec,20525,4
20,Santos Reyes Nopala,20526,4
20,AsunciÃ³n Cuyotepeji,20004,10
20,AsunciÃ³n OcotlÃ¡n,20007,4
20,CalihualÃ¡,20011,4
20,Candelaria Loxicha,20012,4
20,Santa Magdalena JicotlÃ¡n,20047,10
20,CiÃ©nega de ZimatlÃ¡n,20013,4
20,La CompaÃ±Ã­a,20017,10
20,Magdalena OcotlÃ¡n,20049,4
20,ConcepciÃ³n PÃ¡palo,20019,12
20,Cosoltepec,20022,3
20,Cuyamecalco Villa de Zaragoza,20024,12
20,Chahuites,20025,4
20,Chalcatongo de Hidalgo,20026,10
20,EloxochitlÃ¡n de Flores MagÃ³n,20029,12
20,Fresnillo de Trujano,20032,4
20,Magdalena PeÃ±asco,20050,10
20,Magdalena TequisistlÃ¡n,20052,3
20,San Juan Juquila Vijanos,20201,12
20,San Juan Colorado,20188,4
20,Guadalupe Etla,20033,11
20,Magdalena ZahuatlÃ¡n,20054,10
20,San Pedro y San Pablo Ayutla,20337,12
20,San SimÃ³n Almolongas,20351,10
20,Santa Catarina Juquila,20364,10
20,Guadalupe de RamÃ­rez,20034,4
20,Guelatao de JuÃ¡rez,20035,12
20,Santa Catarina TicuÃ¡,20371,10
20,Santa Cruz Zenzontepec,20386,4
20,Mesones Hidalgo,20037,4
20,Villa Hidalgo,20038,12
20,Huautepec,20040,12
20,Huautla de JimÃ©nez,20041,12
20,IxtlÃ¡n de JuÃ¡rez,20042,12
20,JuchitÃ¡n de Zaragoza,20043,4
20,Magdalena Apasco,20045,11
20,Santa MarÃ­a Jaltianguis,20419,12
20,Magdalena Jaltepec,20046,10
20,Magdalena Mixtepec,20048,10
20,Santa InÃ©s Yatzeche,20389,4
20,MixistlÃ¡n de la Reforma,20060,12
20,Santa MarÃ­a Ozolotepec,20424,10
20,Heroica Ciudad de Tlaxiaco,20397,10
20,Ayoquezco de Aldama,20398,10
20,Santa MarÃ­a Atzompa,20399,4
20,Santa MarÃ­a Jacatepec,20417,6
20,Monjas,20061,10
20,Santa MarÃ­a Nativitas,20422,11
20,Santa MarÃ­a PeÃ±oles,20426,10
20,Santa MarÃ­a Petapa,20427,4
20,Natividad,20062,12
20,Nazareno Etla,20063,11
20,Santa MarÃ­a Quiegolani,20428,9
20,Santa MarÃ­a Tonameca,20439,4
20,Ixpantepec Nieves,20065,10
20,La Pe,20069,4
20,Pinotepa de Don Luis,20070,4
20,Santa MarÃ­a Totolapilla,20440,4
20,Santiago Amoltepec,20450,4
20,Villa de Santiago Chazumba,20459,3
20,San JosÃ© del Progreso,20072,10
20,Santa Catarina Quioquitani,20074,10
20,La Reforma,20076,4
20,Rojas de CuauhtÃ©moc,20078,10
20,Reyes Etla,20077,11
20,Salina Cruz,20079,3
20,San Juan de los CuÃ©s,20206,6
20,San Juan MazatlÃ¡n,20207,5
20,San AndrÃ©s Huaxpaltepec,20090,4
20,San AgustÃ­n Amatengo,20080,4
20,San AgustÃ­n Etla,20084,11
20,San AgustÃ­n Atenango,20081,10
20,San AndrÃ©s HuayÃ¡pam,20091,11
20,San AgustÃ­n Chayuco,20082,4
20,San AndrÃ©s Ixtlahuaca,20092,10
20,San AgustÃ­n de las Juntas,20083,4
20,San AgustÃ­n Yatareni,20087,4
20,San AndrÃ©s Dinicuiti,20089,10
20,San AndrÃ©s NuxiÃ±o,20094,10
20,San AndrÃ©s Sinaxtla,20096,10
20,San AndrÃ©s Tepetlapa,20099,4
20,San AndrÃ©s PaxtlÃ¡n,20095,10
20,San AndrÃ©s YaÃ¡,20100,12
20,San AndrÃ©s Zabache,20101,10
20,San Baltazar ChichicÃ¡pam,20112,10
20,San AndrÃ©s Zautla,20102,10
20,San Dionisio Ocotepec,20131,10
20,San Antonino Castillo Velasco,20103,4
20,San Antonino Monte Verde,20105,10
20,San Antonio de la Cal,20107,4
20,Santiago IhuitlÃ¡n Plumas,20464,10
20,Santiago Ixtayutla,20466,4
20,Santiago Minas,20477,4
20,San Antonio Huitepec,20108,10
20,Santiago Tapextla,20485,4
20,Santiago Tepetlapa,20488,10
20,Santiago TextitlÃ¡n,20491,10
20,Santiago Tilantongo,20492,10
20,Santiago Xanica,20495,4
20,San Vicente CoatlÃ¡n,20534,10
20,SilacayoÃ¡pam,20537,10
20,Tataltepec de ValdÃ©s,20543,4
20,Tepelmeme Villa de Morelos,20548,10
20,San Juan Bautista Valle Nacional,20559,6
20,San Antonio NanahuatÃ­pam,20109,5
20,San Antonio Sinicahua,20110,10
20,Villa DÃ­az Ordaz,20560,12
20,La Trinidad Vista Hermosa,20556,10
20,Villa de Zaachila,20565,4
20,AcatlÃ¡n de PÃ©rez Figueroa,20002,6
20,AsunciÃ³n NochixtlÃ¡n,20006,10
20,AsunciÃ³n Tlacolulita,20008,3
20,Ayotzintepec,20009,6
20,El Barrio de la Soledad,20010,4
20,Mariscala de JuÃ¡rez,20055,4
20,Heroica Ciudad de Huajuapan de LeÃ³n,20039,10
20,San Juan Ã‘umÃ­,20210,10
20,San Juan Ozolotepec,20211,10
20,San Juan Petlapa,20212,6
20,San Juan Quiahije,20213,10
20,San BartolomÃ© Ayautla,20116,12
20,Santiago Niltepec,20066,4
20,Oaxaca de JuÃ¡rez,20067,11
20,OcotlÃ¡n de Morelos,20068,4
20,Pluma Hidalgo,20071,4
20,Putla Villa de Guerrero,20073,4
20,San AgustÃ­n Loxicha,20085,4
20,San Antonio Tepetlapa,20111,4
20,San BartolomÃ© Quialana,20118,10
20,San Baltazar Yatzachi el Bajo,20114,6
20,San BartolomÃ© Zoogocho,20120,6
20,San Bartolo Soyaltepec,20121,11
20,San Bartolo Coyotepec,20115,4
20,San Juan Teitipac,20219,10
20,San Juan Tepeuxila,20220,12
20,San BartolomÃ© YucuaÃ±e,20119,10
20,San Bartolo Yautepec,20122,3
20,San Bernardo Mixtepec,20123,10
20,San Lucas QuiavinÃ­,20233,10
20,San CristÃ³bal AmatlÃ¡n,20126,10
20,San CristÃ³bal Amoltepec,20127,10
20,San MartÃ­n de los Cansecos,20238,10
20,San CristÃ³bal Lachirioag,20128,6
20,San CristÃ³bal Suchixtlahuaca,20129,10
20,San Dionisio OcotlÃ¡n,20132,10
20,San AgustÃ­n Tlacotepec,20086,10
20,San Felipe TejalÃ¡pam,20135,10
20,San MartÃ­n LachilÃ¡,20241,10
20,San AndrÃ©s Lagunas,20093,10
20,San AndrÃ©s Cabecera Nueva,20088,4
20,San Felipe Usila,20136,6
20,San AndrÃ©s Solaga,20097,6
20,San AndrÃ©s TeotilÃ¡lpam,20098,12
20,San Baltazar Loxicha,20113,4
20,San Lucas OjitlÃ¡n,20232,6
20,San Blas Atempa,20124,3
20,San Carlos Yautepec,20125,3
20,San Esteban Atatlahuca,20133,10
20,San Felipe Jalapa de DÃ­az,20134,6
20,San Francisco Cajonos,20138,12
20,San Francisco del Mar,20141,NA
20,San Francisco IxhuatÃ¡n,20143,4
20,San Juan Mixtepec,20209,10
20,San Francisco Jaltepetongo,20144,10
20,San Juan Bautista Guelache,20178,11
20,San Francisco Tlapancingo,20152,10
20,San Gabriel Mixtepec,20153,4
20,San Francisco CahuacuÃ¡,20137,10
20,San Francisco Sola,20149,10
20,San JerÃ³nimo Sosola,20161,11
20,San JerÃ³nimo CoatlÃ¡n,20159,10
20,San JerÃ³nimo TecÃ³atl,20163,12
20,San Jorge Nuchita,20164,4
20,San JosÃ© Chiltepec,20166,6
20,San Francisco Chapulapa,20139,12
20,San Francisco HuehuetlÃ¡n,20142,12
20,San Juan Teposcolula,20221,11
20,San Francisco LachigolÃ³,20145,10
20,San Ildefonso AmatlÃ¡n,20154,10
20,San Ildefonso Sola,20155,10
20,San Ildefonso Villa Alta,20156,12
20,San Francisco ChindÃºa,20140,10
20,San Juan YaeÃ©,20222,6
20,San Francisco Logueche,20146,10
20,San Francisco NuxaÃ±o,20147,10
20,San JosÃ© Estancia Grande,20168,4
20,San Juan Bautista Tuxtepec,20184,6
20,San Juan Cacahuatepec,20185,4
20,San Francisco Ozolotepec,20148,10
20,San Francisco Teopan,20151,10
20,San Juan Cieneguilla,20186,4
20,San Juan Bautista Lo de Soto,20180,4
20,San Antonio Acutla,20106,10
20,Santa Catarina Lachatao,20365,12
20,San Juan Guichicovi,20198,5
20,San Jacinto Amilpas,20157,4
20,San JerÃ³nimo Silacayoapilla,20160,10
20,San Juan Yucuita,20224,11
20,San MartÃ­n Tilcajete,20243,4
20,San Jacinto Tlacotepec,20158,4
20,San Pedro Ixtlahuaca,20310,10
20,CuilÃ¡pam de Guerrero,20023,10
20,San Pedro el Alto,20306,10
20,San JerÃ³nimo Taviche,20162,10
20,San Pedro IxcatlÃ¡n,20309,6
20,San Pedro Molinos,20320,10
20,San Juan Achiutla,20172,10
20,San Pedro Pochutla,20324,3
20,San Miguel el Grande,20269,10
20,Santa Cruz XoxocotlÃ¡n,20385,4
20,San Juan Bautista Atatlahuca,20175,12
20,Cosolapa,20021,6
20,San Miguel Huautla,20270,12
20,San JosÃ© Tenango,20171,12
20,San Juan Juquila Mixes,20200,4
20,San Juan Mixtepec,20208,10
20,San Lorenzo Albarradas,20226,4
20,San Lucas ZoquiÃ¡pam,20234,12
20,San MartÃ­n Itunyoso,20240,11
20,San MartÃ­n Toxpalan,20244,12
20,San Miguel CoatlÃ¡n,20263,4
20,San Miguel del RÃ­o,20267,12
20,CapulÃ¡lpam de MÃ©ndez,20247,12
20,San Mateo PeÃ±asco,20252,10
20,San Melchor Betaza,20257,12
20,San Miguel Ejutla,20268,10
20,San Miguel Piedras,20274,10
20,Villa Talea de Castro,20280,6
20,San Miguel Tenango,20282,3
20,San Miguel Tequixtepec,20283,11
20,San Miguel Tlacamama,20285,4
20,San NicolÃ¡s,20289,10
20,San NicolÃ¡s Hidalgo,20290,4
20,San Pablo Cuatro Venados,20292,10
20,San Pablo Huitzo,20294,11
20,San Pablo Macuiltianguis,20296,12
20,Tlacolula de Matamoros,20551,10
20,Santa MarÃ­a Coyotepec,20403,4
21,Jalpan,21086,6
21,Jonotla,21088,6
21,San Antonio CaÃ±ada,21120,10
21,Xochiltepec,21201,3
21,Hueytlalpan,21077,6
21,Tlacotepec de Benito JuÃ¡rez,21177,10
21,ZoquitlÃ¡n,21217,12
21,Piaxtla,21113,3
21,San Miguel Xoxtla,21136,10
21,ZapotitlÃ¡n de MÃ©ndez,21210,6
21,Jopala,21089,6
21,San Juan Atzompa,21131,3
21,Atexcal,21018,9
21,Chignautla,21054,12
21,Zihuateutla,21213,6
21,San JerÃ³nimo XayacatlÃ¡n,21127,3
21,San JosÃ© MiahuatlÃ¡n,21129,4
21,San Juan Atenco,21130,10
21,TeziutlÃ¡n,21174,12
21,Tilapa,21176,3
21,Quecholac,21115,10
21,Palmar de Bravo,21110,10
21,Tepexi de RodrÃ­guez,21169,3
21,Tetela de Ocampo,21172,11
21,Tlachichuca,21179,11
21,San Gabriel Chilac,21124,4
21,San Diego la Mesa Tochimiltzingo,21121,3
21,San Felipe Teotlalcingo,21122,10
21,San Felipe TepatlÃ¡n,21123,6
21,Cuyoaco,21044,12
21,Ixcaquixtla,21082,9
21,IzÃºcar de Matamoros,21085,3
21,Coyomeapan,21036,12
21,XochitlÃ¡n de Vicente SuÃ¡rez,21202,12
21,XochitlÃ¡n Todos Santos,21203,9
21,EloxochitlÃ¡n,21061,12
21,EpatlÃ¡n,21062,3
21,San Salvador el Verde,21143,10
21,Domingo Arenas,21060,10
21,Nopalucan,21104,10
21,Hueyapan,21075,6
21,Huitzilan de SerdÃ¡n,21078,6
21,Huitziltepec,21079,9
21,Huehuetla,21072,6
21,HuehuetlÃ¡n el Chico,21073,3
21,Huejotzingo,21074,10
21,Hermenegildo Galeana,21068,6
21,Huatlatlauca,21070,3
21,Huauchinango,21071,11
21,Esperanza,21063,11
21,Francisco Z. Mena,21064,6
21,Guadalupe Victoria,21067,11
21,Altepexi,21013,4
21,Amozoc,21015,10
21,Aquixtla,21016,11
21,Aljojuca,21012,10
21,Xicotepec,21197,6
21,Venustiano Carranza,21194,6
21,Vicente Guerrero,21195,12
21,Tochimilco,21188,10
21,Tochtepec,21189,9
21,Totoltepec de Guerrero,21190,3
21,TlapanalÃ¡,21185,3
21,Tlatlauquitepec,21186,12
21,Tlaxco,21187,6
21,Tlaola,21183,6
21,Tlapacoya,21184,6
21,San Salvador el Seco,21142,10
21,San Pedro Cholula,21140,10
21,San Pedro Yeloixtlahuaca,21141,3
21,San Pablo Anicano,21139,3
21,San NicolÃ¡s Buenos Aires,21137,10
21,San NicolÃ¡s de los Ranchos,21138,10
21,San MatÃ­as Tlalancaleca,21134,9
21,San Miguel IxitlÃ¡n,21135,3
21,San JerÃ³nimo Tecuanipan,21126,10
21,Chilchotla,21058,12
21,Chinantla,21059,3
21,Chila,21055,4
21,Chila de la Sal,21056,3
21,Honey,21057,10
21,Chiconcuautla,21049,12
21,Chichiquila,21050,11
21,Chietla,21051,3
21,Cuayuca de Andrade,21042,3
21,Cuetzalan del Progreso,21043,6
21,Chalchicomula de Sesma,21045,10
21,Cuautempan,21039,11
21,CuautinchÃ¡n,21040,10
21,Cuautlancingo,21041,10
21,Atoyatempan,21020,9
21,QuimixtlÃ¡n,21116,12
21,Pantepec,21111,6
21,Petlalcingo,21112,3
21,Puebla,21114,10
21,Olintla,21107,6
21,Oriental,21108,10
21,PahuatlÃ¡n,21109,5
21,Nealtican,21102,10
21,NicolÃ¡s Bravo,21103,10
21,Ocoyucan,21106,10
21,CaÃ±ada Morelos,21099,10
21,Naupan,21100,11
21,Nauzontla,21101,12
21,Molcaxac,21098,9
21,Tepetzintla,21167,11
21,Tepeaca,21164,10
21,Tepemaxalco,21165,3
21,Tepeojuma,21166,3
21,Teotlalco,21160,4
21,Tepanco de LÃ³pez,21161,10
21,Tepatlaxco de Hidalgo,21163,10
21,TecomatlÃ¡n,21155,3
21,TehuacÃ¡n,21156,10
21,TeopantlÃ¡n,21159,3
21,HuehuetlÃ¡n el Grande,21150,3
21,Tecali de Herrera,21153,10
21,Tecamachalco,21154,10
21,San AndrÃ©s Cholula,21119,10
21,San SebastiÃ¡n Tlacotepec,21145,6
21,Santiago MiahuatlÃ¡n,21149,10
21,Libres,21094,11
21,Mazapiltepec de JuÃ¡rez,21096,10
21,San JosÃ© Chiapa,21128,10
21,Jolalpan,21087,3
21,Juan N. MÃ©ndez,21092,9
21,Lafragua,21093,12
21,Ixcamilpa de Guerrero,21081,3
21,IxtacamaxtitlÃ¡n,21083,10
21,Ixtepec,21084,6
21,Cohuecan,21033,3
21,CoxcatlÃ¡n,21035,6
21,Coyotepec,21037,9
21,Caxhuacan,21029,6
21,Coatzingo,21031,3
21,Cohetzala,21032,3
21,Ayotoxco de Guerrero,21025,6
21,Calpan,21026,10
21,Caltepec,21027,10
21,AtzitzihuacÃ¡n,21022,4
21,Albino Zertuche,21011,4
21,General Felipe Ãngeles,21065,10
21,Guadalupe,21066,3
21,AhuatlÃ¡n,21007,3
21,Ahuazotepec,21008,10
21,Acatzingo,21004,10
21,Acteopan,21005,4
21,AhuacatlÃ¡n,21006,12
21,Acajete,21001,10
21,Acateno,21002,6
21,AcatlÃ¡n,21003,3
21,Ajalpan,21010,12
21,Hueytamalco,21076,6
21,AmixtlÃ¡n,21014,6
21,Tlacuilotepec,21178,6
21,Tlahuapan,21180,9
21,XayacatlÃ¡n de Bravo,21196,3
21,Zacapoaxtla,21207,12
21,ZacatlÃ¡n,21208,11
21,Atempan,21017,12
21,Atlixco,21019,3
21,Teteles de Ãvila Castillo,21173,12
21,Tianguismanalco,21175,10
21,Tenampulco,21158,6
21,Huaquechula,21069,3
21,ZapotitlÃ¡n,21209,4
21,Tehuitzingo,21157,3
21,Tepango de RodrÃ­guez,21162,6
21,Chignahuapan,21053,9
21,Tlaltenango,21181,10
21,Zacapala,21206,3
21,Zaragoza,21211,12
21,Zautla,21212,11
21,Soltepec,21152,10
21,Yehualtepec,21205,9
21,Axutla,21024,3
21,Mixtla,21097,9
21,Chapulco,21046,10
21,Chiautla,21047,3
21,Juan Galindo,21091,12
21,Chiautzingo,21048,10
21,La Magdalena Tlatlauquitepec,21095,3
21,Tzicatlacoyan,21193,9
21,Ahuehuetitla,21009,3
21,Rafael Lara Grajales,21117,10
21,Los Reyes de JuÃ¡rez,21118,10
21,San Gregorio Atzompa,21125,10
21,San MartÃ­n Totoltepec,21133,3
21,San Salvador Huixcolotla,21144,10
21,Santo TomÃ¡s Hueyotlipan,21151,9
21,Tepeyahualco de CuauhtÃ©moc,21171,9
21,Tlanepantla,21182,9
21,Zinacatepec,21214,4
21,Atzala,21021,3
21,Camocuautla,21028,6
21,Coatepec,21030,6
21,Coronango,21034,10
21,Cuapiaxtla de Madero,21038,10
21,Atlequizayan,21080,6
21,Juan C. Bonilla,21090,10
21,Tepeyahualco,21170,12
21,Tepexco,21168,3
21,ChigmecatitlÃ¡n,21052,3
21,Atzitzintla,21023,12
21,YaonÃ¡huac,21204,6
21,Santa InÃ©s Ahuatempan,21147,3
21,Santa Isabel Cholula,21148,10
21,Xochiapulco,21200,12
21,San MartÃ­n Texmelucan,21132,10
21,Santa Catarina Tlaltempan,21146,3
21,XicotlÃ¡n,21198,3
21,Xiutetelco,21199,12
21,Ocotepec,21105,11
21,Zoquiapan,21216,6
21,Zongozotla,21215,12
21,Tulcingo,21191,4
21,Tuzamapan de Galeana,21192,6
22,Pedro Escobedo,22012,9
22,PeÃ±amiller,22013,3
22,QuerÃ©taro,22014,9
22,San JoaquÃ­n,22015,9
22,San Juan del RÃ­o,22016,9
22,Tequisquiapan,22017,9
22,TolimÃ¡n,22018,9
22,Arroyo Seco,22003,4
22,Corregidora,22006,9
22,Ezequiel Montes,22007,9
22,Jalpan de Serra,22009,5
22,El MarquÃ©s,22011,9
22,Amealco de Bonfil,22001,10
22,Pinal de Amoles,22002,10
22,Cadereyta de Montes,22004,9
22,ColÃ³n,22005,9
22,Huimilpan,22008,9
22,Landa de Matamoros,22010,12
23,Felipe Carrillo Puerto,23002,5
23,LÃ¡zaro CÃ¡rdenas,23007,6
23,Benito JuÃ¡rez,23005,6
23,Bacalar,23010,5
23,Tulum,23009,5
23,Cozumel,23001,6
23,Isla Mujeres,23003,6
23,OthÃ³n P. Blanco,23004,5
23,Solidaridad,23008,6
23,Puerto Morelos,23011,6
23,JosÃ© MarÃ­a Morelos,23006,5
24,San Vicente Tancuayalab,24034,6
24,Soledad de Graciano SÃ¡nchez,24035,8
24,TampamolÃ³n Corona,24039,6
24,TamuÃ­n,24040,5
24,TanlajÃ¡s,24041,6
24,San Luis PotosÃ­,24028,8
24,San NicolÃ¡s Tolentino,24030,9
24,Santa Catarina,24031,5
24,Cerritos,24008,3
24,Ciudad del MaÃ­z,24010,4
24,Ciudad FernÃ¡ndez,24011,3
24,Ciudad Valles,24013,5
24,Ebano,24016,5
24,Matehuala,24020,8
24,Moctezuma,24022,8
24,Xilitla,24054,6
24,Zaragoza,24055,9
24,Charcas,24015,8
24,Axtla de Terrazas,24053,6
24,Tamasopo,24036,5
24,RayÃ³n,24023,4
24,Mexquitic de Carmona,24021,8
24,TanquiÃ¡n de Escobedo,24042,6
24,Tierra Nueva,24043,9
24,San MartÃ­n Chalchicuautla,24029,6
24,San Antonio,24026,6
24,Rioverde,24024,3
24,Villa JuÃ¡rez,24052,3
24,GuadalcÃ¡zar,24017,9
24,Lagunillas,24019,4
24,Tancanhuitz,24012,6
24,Cerro de San Pedro,24009,9
24,AquismÃ³n,24003,6
24,Armadillo de los Infante,24004,9
24,Alaquines,24002,4
24,Tamazunchale,24037,6
24,TampacÃ¡n,24038,6
24,Villa de Arista,24056,8
24,El Naranjo,24058,5
24,Salinas,24025,8
24,San Ciro de Acosta,24027,3
24,Santa MarÃ­a del RÃ­o,24032,9
24,Villa Hidalgo,24051,8
24,Villa de la Paz,24048,9
24,Catorce,24006,8
24,CÃ¡rdenas,24005,4
24,Cedral,24007,8
24,Villa de Guadalupe,24047,8
24,HuehuetlÃ¡n,24018,6
24,Vanegas,24044,8
24,Venado,24045,8
24,Villa de Ramos,24049,8
24,Villa de Reyes,24050,9
24,Villa de Arriaga,24046,9
24,CoxcatlÃ¡n,24014,6
24,Santo Domingo,24033,8
24,Matlapa,24057,6
24,Ahualulco del Sonido 13,24001,8
25,Navolato,25018,3
25,Badiraguato,25003,4
25,Ahome,25001,2
25,CuliacÃ¡n,25006,3
25,Choix,25007,3
25,Elota,25008,3
25,El Fuerte,25010,2
25,Guasave,25011,2
25,MazatlÃ¡n,25012,3
25,Mocorito,25013,3
25,Rosario,25014,4
25,Angostura,25002,2
25,Sinaloa,25017,3
25,Concordia,25004,4
25,CosalÃ¡,25005,3
25,Salvador Alvarado,25015,3
25,San Ignacio,25016,3
25,Escuinapa,25009,NA
26,Ãlamos,26003,2
26,San Luis RÃ­o Colorado,26055,7
26,BacadÃ©huachi,26008,9
26,Etchojoa,26026,2
26,San Felipe de JesÃºs,26053,2
26,BaviÃ¡cora,26014,2
26,Cumpas,26023,2
26,Huatabampo,26033,2
26,Opodepe,26045,1
26,Tepache,26063,3
26,Navojoa,26042,2
26,Bavispe,26015,8
26,Cajeme,26018,2
26,YÃ©cora,26069,10
26,Santa Ana,26058,7
26,Agua Prieta,26002,7
26,MazatÃ¡n,26037,2
26,Cucurpe,26022,7
26,Naco,26039,8
26,San Ignacio RÃ­o Muerto,26072,2
26,Arizpe,26006,2
26,BÃ¡cum,26012,2
26,BanÃ¡michi,26013,2
26,Altar,26004,7
26,Puerto PeÃ±asco,26048,7
26,Caborca,26017,7
26,Ã“navas,26044,3
26,Atil,26007,7
26,Soyopa,26061,3
26,Magdalena,26036,7
26,Cananea,26019,8
26,Granados,26028,9
26,Nogales,26043,7
26,Nacozari de GarcÃ­a,26041,8
26,RayÃ³n,26050,2
26,San Javier,26054,3
26,Moctezuma,26038,3
26,Benito JuÃ¡rez,26071,2
26,San Miguel de Horcasitas,26056,2
26,Huachinera,26031,9
26,Santa Cruz,26059,8
26,SÃ¡ric,26060,7
26,Tubutama,26065,7
26,Guaymas,26029,1
26,Hermosillo,26030,1
26,Quiriego,26049,2
26,NÃ¡cori Chico,26040,10
26,Divisaderos,26024,9
26,Empalme,26025,1
26,La Colorada,26021,2
26,Rosario,26051,3
26,Sahuaripa,26052,10
26,Suaqui Grande,26062,2
26,Trincheras,26064,7
26,Imuris,26035,7
26,Arivechi,26005,9
26,Bacanora,26009,9
26,CarbÃ³,26020,1
26,Oquitoa,26046,7
26,Pitiquito,26047,7
26,San Pedro de la Cueva,26057,3
26,Ures,26066,2
26,General Plutarco ElÃ­as Calles,26070,7
26,Aconchi,26001,2
26,BenjamÃ­n Hill,26016,7
26,HuÃ¡sabas,26032,8
26,Bacoachi,26011,8
26,Villa Pesqueira,26068,2
26,Bacerac,26010,8
26,Villa Hidalgo,26067,8
26,Fronteras,26027,8
26,HuÃ©pac,26034,2
27,CunduacÃ¡n,27006,6
27,Emiliano Zapata,27007,6
27,Huimanguillo,27008,6
27,Jalapa,27009,6
27,Jalpa de MÃ©ndez,27010,6
27,Jonuta,27011,6
27,BalancÃ¡n,27001,6
27,Centro,27004,6
27,Comalcalco,27005,6
27,CÃ¡rdenas,27002,6
27,Nacajuca,27013,6
27,Centla,27003,6
27,Macuspana,27012,6
27,ParaÃ­so,27014,6
27,Tacotalpa,27015,6
27,Teapa,27016,6
27,Tenosique,27017,6
28,Abasolo,28001,3
28,Aldama,28002,4
28,San NicolÃ¡s,28036,4
28,Nuevo Laredo,28027,8
28,Reynosa,28032,8
28,San Fernando,28035,9
28,VillagrÃ¡n,28042,4
28,Cruillas,28010,3
28,GÃ³mez FarÃ­as,28011,5
28,GonzÃ¡lez,28012,5
28,El Mante,28021,5
28,MÃ©ndez,28023,9
28,Altamira,28003,5
28,Burgos,28005,3
28,Camargo,28007,8
28,GÃ¼Ã©mez,28013,4
28,Guerrero,28014,8
28,Gustavo DÃ­az Ordaz,28015,8
28,Hidalgo,28016,4
28,Matamoros,28022,9
28,Jaumave,28017,4
28,San Carlos,28034,4
28,XicotÃ©ncatl,28043,4
28,Ocampo,28029,4
28,Palmillas,28031,10
28,Mier,28024,8
28,Miguel AlemÃ¡n,28025,8
28,Soto la Marina,28037,3
28,Tampico,28038,5
28,Tula,28039,4
28,Padilla,28030,4
28,RÃ­o Bravo,28033,9
28,Antiguo Morelos,28004,5
28,Mainero,28020,4
28,Miquihuana,28026,10
28,Ciudad Madero,28009,NA
28,JimÃ©nez,28018,3
28,Llera,28019,4
28,Valle Hermoso,28040,9
28,Victoria,28041,4
28,Casas,28008,4
28,Bustamante,28006,9
28,Nuevo Morelos,28028,5
29,Tetla de la Solidaridad,29031,10
29,Santa Cruz Tlaxcala,29026,10
29,El Carmen Tequexquitla,29007,10
29,EspaÃ±ita,29012,9
29,ZiltlaltÃ©pec de Trinidad SÃ¡nchez Santos,29037,10
29,San Lorenzo Axocomanitla,29054,10
29,Panotla,29024,9
29,Terrenate,29030,10
29,Benito JuÃ¡rez,29045,9
29,Santa Apolonia Teacalco,29057,10
29,Santa Cruz Quilehtla,29059,10
29,Nanacamilpa de Mariano Arista,29021,9
29,La Magdalena Tlaltelulco,29048,10
29,Contla de Juan Cuamatzi,29018,10
29,LÃ¡zaro CÃ¡rdenas,29047,10
29,Hueyotlipan,29014,9
29,Ixtacuixtla de Mariano Matamoros,29015,9
29,Santa Isabel Xiloxoxtla,29060,10
29,Tlaxco,29034,9
29,Tetlatlahuca,29032,10
29,Huamantla,29013,10
29,Cuapiaxtla,29008,10
29,Cuaxomulco,29009,10
29,Apizaco,29005,10
29,Atlangatepec,29003,9
29,Atltzayanca,29004,10
29,ApetatitlÃ¡n de Antonio Carvajal,29002,9
29,Yauhquemehcan,29043,9
29,Tzompantepec,29038,10
29,Xaltocan,29040,9
29,Teolocholco,29028,10
29,Tepeyanco,29029,10
29,Acuamanala de Miguel Hidalgo,29022,10
29,NatÃ­vitas,29023,10
29,Mazatecochco de JosÃ© MarÃ­a Morelos,29017,10
29,Ixtenco,29016,10
29,San Lucas Tecopilco,29055,9
29,SanctÃ³rum de LÃ¡zaro CÃ¡rdenas,29020,9
29,Zacatelco,29044,10
29,Papalotla de XicohtÃ©ncatl,29041,10
29,MuÃ±oz de Domingo Arenas,29011,9
29,Xaloztoc,29039,10
29,Amaxac de Guerrero,29001,9
29,Santa Catarina Ayometla,29058,10
29,Calpulalpan,29006,9
29,Emiliano Zapata,29046,10
29,San Pablo del Monte,29025,10
29,Tepetitla de LardizÃ¡bal,29019,9
29,TocatlÃ¡n,29035,10
29,San DamiÃ¡n TexÃ³loc,29049,9
29,San JerÃ³nimo Zacualpan,29051,10
29,San Juan Huactzinco,29053,10
29,Santa Ana Nopalucan,29056,9
29,Tenancingo,29027,10
29,San Francisco Tetlanohcan,29050,10
29,San JosÃ© Teacalco,29052,10
29,Tlaxcala,29033,10
29,Totolac,29036,9
29,Chiautempan,29010,10
29,Xicohtzinco,29042,10
30,HidalgotitlÃ¡n,30070,6
30,Cosoleacaque,30048,6
30,Tampico Alto,30152,5
30,Tatatila,30156,12
30,Castillo de Teayo,30157,6
30,Ãlamo Temapache,30160,6
30,CamarÃ³n de Tejeda,30007,5
30,AlpatlÃ¡huac,30008,11
30,Alto Lucero de GutiÃ©rrez Barrios,30009,6
30,Altotonga,30010,6
30,Alvarado,30011,5
30,AmatitlÃ¡n,30012,5
30,Angel R. Cabada,30015,6
30,Filomeno Mata,30067,6
30,FortÃ­n,30068,5
30,Huayacocotla,30072,11
30,Hueyapan de Ocampo,30073,6
30,JesÃºs Carranza,30091,5
30,Tamiahua,30151,6
30,Mariano Escobedo,30101,12
30,MecatlÃ¡n,30103,6
30,PÃ¡nuco,30123,5
30,La Antigua,30016,5
30,Apazapan,30017,6
30,Jamapa,30090,5
30,Nautla,30114,6
30,Astacinga,30019,12
30,Atlahuilco,30020,12
30,Atzacan,30022,5
30,Atzalan,30023,6
30,Maltrata,30099,11
30,Manlio Fabio Altamirano,30100,5
30,Papantla,30124,6
30,Pueblo Viejo,30133,5
30,Los Reyes,30137,12
30,Saltabarranca,30139,6
30,Totutla,30188,6
30,Tuxpan,30189,6
30,Ursulo GalvÃ¡n,30191,5
30,Zentla,30200,6
30,Zongolica,30201,6
30,Agua Dulce,30204,6
30,Carlos A. Carrillo,30208,6
30,San Rafael,30211,6
30,Coscomatepec,30047,11
30,Cotaxtla,30049,5
30,Comapa,30043,6
30,Tlaquilpa,30184,12
30,Yecuatla,30197,6
30,Las Vigas de RamÃ­rez,30132,12
30,Paso del Macho,30125,5
30,TenochtitlÃ¡n,30163,12
30,Yanga,30196,6
30,Chinameca,30059,6
30,ChocamÃ¡n,30062,11
30,Orizaba,30118,5
30,Tatahuicapan de JuÃ¡rez,30209,6
30,Uxpanapa,30210,5
30,Santiago Sochiapan,30212,6
30,Xico,30092,12
30,Isla,30077,6
30,Lerdo de Tejada,30097,6
30,Omealca,30117,6
30,IlamatlÃ¡n,30076,6
30,MedellÃ­n de Bravo,30105,5
30,Misantla,30109,6
30,Mixtla de Altamirano,30110,6
30,MoloacÃ¡n,30111,6
30,Naolinco,30112,12
30,Naranjal,30113,6
30,Nogales,30115,5
30,OtatitlÃ¡n,30119,6
30,Pajapan,30122,6
30,MinatitlÃ¡n,30108,6
30,Puente Nacional,30134,5
30,Tenampa,30162,6
30,Tepetzintla,30167,6
30,Texcatepec,30170,5
30,TexhuacÃ¡n,30171,12
30,TonayÃ¡n,30187,12
30,Veracruz,30193,5
30,Xoxocotla,30195,12
30,Espinal,30066,6
30,Oteapan,30120,6
30,Tempoal,30161,6
30,Tancoco,30153,6
30,Tantoyuca,30155,6
30,Vega de Alatorre,30192,6
30,Tres Valles,30207,6
30,Emiliano Zapata,30065,6
30,Acayucan,30003,6
30,Ozuluama de MascareÃ±as,30121,6
30,Tecolutla,30158,6
30,Tehuipango,30159,12
30,Cuichapa,30052,6
30,Acula,30005,5
30,Acultzingo,30006,11
30,Atoyac,30021,6
30,Jilotepec,30093,12
30,Juan RodrÃ­guez Clara,30094,6
30,Juchique de Ferrer,30095,6
30,Landero y Coss,30096,12
30,San AndrÃ©s Tuxtla,30141,6
30,San Juan Evangelista,30142,6
30,Santiago Tuxtla,30143,6
30,Sayula de AlemÃ¡n,30144,6
30,ZontecomatlÃ¡n de LÃ³pez y Fuentes,30202,5
30,Aquila,30018,11
30,La Perla,30127,12
30,PlatÃ³n SÃ¡nchez,30129,6
30,TihuatlÃ¡n,30175,6
30,Tlacotalpan,30178,6
30,Tlachichilco,30180,5
30,Tlalixcoyan,30181,5
30,Tlalnelhuayocan,30182,12
30,Tlapacoyan,30183,6
30,Magdalena,30098,5
30,Naranjos AmatlÃ¡n,30013,6
30,AmatlÃ¡n de los Reyes,30014,6
30,Cosamaloapan de Carpio,30045,6
30,Coyutla,30051,6
30,CuitlÃ¡huac,30053,6
30,Chiconquiaco,30057,12
30,Chinampa de Gorostiza,30060,6
30,JÃ¡ltipan,30089,6
30,Tantima,30154,6
30,Perote,30128,12
30,CosautlÃ¡n de Carvajal,30046,6
30,Coxquihui,30050,6
30,Paso de Ovejas,30126,5
30,Poza Rica de Hidalgo,30131,6
30,Teocelo,30164,6
30,Tepatlaxco,30165,12
30,TepetlÃ¡n,30166,12
30,Tequila,30168,12
30,Xalapa,30087,12
30,JosÃ© Azueta,30169,6
30,Texistepec,30172,6
30,Tezonapa,30173,6
30,Tierra Blanca,30174,5
30,Coacoatzintla,30036,12
30,Tlacojalpan,30176,6
30,Tlacolulan,30177,12
30,Tlacotepec de MejÃ­a,30179,6
30,TomatlÃ¡n,30186,6
30,Rafael Delgado,30135,11
30,Acajete,30001,12
30,Actopan,30004,5
30,Soconusco,30145,6
30,Sochiapa,30146,12
30,Soledad Atzompa,30147,11
30,Soledad de Doblado,30148,5
30,Soteapan,30149,6
30,TamalÃ­n,30150,NA
30,Zacualpan,30198,11
30,Playa Vicente,30130,6
30,AcatlÃ¡n,30002,12
30,Chacaltianguis,30054,6
30,Chalma,30055,6
30,Chiconamel,30056,6
30,Chicontepec,30058,6
30,Las Choapas,30061,6
30,Chontla,30063,6
30,Ixcatepec,30078,6
30,IxhuacÃ¡n de los Reyes,30079,12
30,ChumatlÃ¡n,30064,6
30,IxhuatlÃ¡n del CafÃ©,30080,6
30,Ixhuatlancillo,30081,5
30,IxhuatlÃ¡n del Sureste,30082,6
30,IxhuatlÃ¡n de Madero,30083,6
30,Ixmatlahuacan,30084,5
30,IxtaczoquitlÃ¡n,30085,5
30,Jalacingo,30086,12
30,Jalcomulco,30088,6
30,Tlaltetela,30024,6
30,Ayahualulco,30025,12
30,Banderilla,30026,12
30,Benito JuÃ¡rez,30027,6
30,Boca del RÃ­o,30028,5
30,Calcahualco,30029,11
30,Camerino Z. Mendoza,30030,11
30,Zozocolco de Hidalgo,30203,6
30,El Higo,30205,6
30,Huiloapan de CuauhtÃ©moc,30074,11
30,Ignacio de la Llave,30075,5
30,Las Minas,30107,12
30,Oluta,30116,6
30,Rafael Lucio,30136,12
30,RÃ­o Blanco,30138,5
30,San AndrÃ©s Tenejapan,30140,11
30,Zaragoza,30199,6
30,Tlilapan,30185,5
30,Tuxtilla,30190,6
30,Villa Aldama,30194,12
30,Nanchital de LÃ¡zaro CÃ¡rdenas del RÃ­o,30206,6
30,MartÃ­nez de la Torre,30102,6
30,Mecayapan,30104,6
30,MiahuatlÃ¡n,30106,12
30,GutiÃ©rrez Zamora,30069,6
30,Huatusco,30071,6
30,Carrillo Puerto,30031,5
30,Catemaco,30032,6
30,Cazones de Herrera,30033,6
30,Cerro Azul,30034,6
30,CitlaltÃ©petl,30035,6
30,CoahuitlÃ¡n,30037,6
30,Coatepec,30038,12
30,Coatzacoalcos,30039,6
30,Coatzintla,30040,6
30,Colipa,30042,6
30,CÃ³rdoba,30044,6
30,Coetzala,30041,6
31,Dzan,31025,5
31,Izamal,31040,5
31,MÃ©rida,31050,4
31,Cuncunul,31014,5
31,UcÃº,31100,4
31,Ixil,31039,4
31,Quintana Roo,31060,5
31,TemozÃ³n,31085,5
31,Tinum,31091,5
31,Peto,31058,5
31,Motul,31052,4
31,ManÃ­,31047,5
31,MaxcanÃº,31048,4
31,Espita,31032,5
31,HomÃºn,31036,5
31,Xocchel,31103,5
31,Uayma,31099,5
31,Tzucacab,31098,5
31,Tecoh,31076,5
31,Chemax,31019,6
31,Dzilam de Bravo,31028,NA
31,Acanceh,31002,4
31,Buctzotz,31006,5
31,YaxcabÃ¡,31104,5
31,Oxkutzcab,31056,5
31,PanabÃ¡,31057,5
31,TizimÃ­n,31096,5
31,BokobÃ¡,31005,4
31,Tixkokob,31093,4
31,Tixcacalcupul,31092,5
31,Temax,31084,5
31,Ticul,31089,5
31,Tekax,31079,5
31,UmÃ¡n,31101,4
31,Valladolid,31102,5
31,Sudzal,31071,5
31,Sotuta,31069,5
31,RÃ­o Lagartos,31061,5
31,SeyÃ©,31067,4
31,Progreso,31059,NA
31,San Felipe,31065,5
31,Chapab,31018,5
31,Chankom,31017,5
31,CelestÃºn,31011,4
31,Calotmul,31008,5
31,Sacalum,31062,4
31,HunucmÃ¡,31038,4
31,Timucuy,31090,4
31,HocabÃ¡,31034,5
31,Teabo,31075,5
31,DzitÃ¡s,31030,5
31,KanasÃ­n,31041,4
31,Kantunil,31042,5
31,ChichimilÃ¡,31021,5
31,Chumayel,31024,5
31,KopomÃ¡,31045,4
31,Chikindzonot,31022,5
31,TahdziÃº,31073,5
31,Tekom,31081,5
31,Telchac Puerto,31083,4
31,Kinchil,31044,4
31,AbalÃ¡,31001,4
31,Akil,31003,5
31,Baca,31004,4
31,CacalchÃ©n,31007,4
31,Cansahcab,31009,5
31,ChacsinkÃ­n,31016,5
31,Cantamayec,31010,5
31,Cenotillo,31012,5
31,Conkal,31013,4
31,CuzamÃ¡,31015,5
31,ChocholÃ¡,31023,4
31,Dzemul,31026,4
31,DzidzantÃºn,31027,4
31,Dzoncauich,31031,5
31,HalachÃ³,31033,4
31,HoctÃºn,31035,5
31,HuhÃ­,31037,5
31,Kaua,31043,5
31,Mama,31046,5
31,MocochÃ¡,31051,4
31,Muna,31053,4
31,Muxupip,31054,4
31,Samahil,31063,4
31,SinanchÃ©,31068,4
31,Chicxulub Pueblo,31020,4
31,SucilÃ¡,31070,5
31,Suma,31072,4
31,Tahmek,31074,4
31,Tekal de Venegas,31077,5
31,TekantÃ³,31078,5
31,Tekit,31080,5
31,Telchac Pueblo,31082,4
31,Sanahcat,31064,5
31,TepakÃ¡n,31086,5
31,Tetiz,31087,4
31,OpichÃ©n,31055,4
31,Dzilam GonzÃ¡lez,31029,5
31,Teya,31088,5
31,Tixmehuac,31094,5
31,TixpÃ©hual,31095,4
31,TunkÃ¡s,31097,5
31,Yaxkukul,31105,4
31,YobaÃ­n,31106,4
31,Santa Elena,31066,5
31,MayapÃ¡n,31049,5
32,Trancoso,32057,8
32,El Plateado de JoaquÃ­n Amaro,32015,9
32,Guadalupe,32017,8
32,Jalpa,32019,3
32,Jerez,32020,9
32,JimÃ©nez del Teul,32021,9
32,Mazapil,32026,8
32,Melchor Ocampo,32027,8
32,Mezquital del Oro,32028,3
32,Miguel Auza,32029,8
32,Pinos,32038,9
32,RÃ­o Grande,32039,8
32,Atolinga,32003,9
32,Juan Aldama,32022,8
32,Tlaltenango de SÃ¡nchez RomÃ¡n,32048,9
32,Sombrerete,32042,9
32,Tabasco,32044,9
32,ValparaÃ­so,32049,9
32,Vetagrande,32050,8
32,Villa de Cos,32051,8
32,Momax,32030,9
32,Morelos,32032,9
32,Zacatecas,32056,9
32,ConcepciÃ³n del Oro,32007,8
32,CuauhtÃ©moc,32008,9
32,Chalchihuites,32009,9
32,Benito JuÃ¡rez,32004,9
32,Villa Hidalgo,32054,9
32,Loreto,32024,9
32,Monte Escobedo,32031,9
32,PÃ¡nuco,32037,8
32,Sain Alto,32040,9
32,Huanusco,32018,3
32,Juchipila,32023,3
32,Luis Moya,32025,9
32,Moyahua de Estrada,32033,3
32,Fresnillo,32010,9
32,Trinidad GarcÃ­a de la Cadena,32011,3
32,Genaro Codina,32012,9
32,Calera,32005,9
32,Villa GarcÃ­a,32052,9
32,General Enrique Estrada,32013,9
32,El Salvador,32041,8
32,Santa MarÃ­a de la Paz,32058,9
32,Villanueva,32055,9
32,Villa GonzÃ¡lez Ortega,32053,8
32,Apozol,32001,3
32,Apulco,32002,9
32,General PÃ¡nfilo Natera,32016,8
32,NochistlÃ¡n de MejÃ­a,32034,9
32,CaÃ±itas de Felipe Pescador,32006,8
32,Noria de Ãngeles,32035,9
32,Ojocaliente,32036,9
32,General Francisco R. MurguÃ­a,32014,8
32,SusticacÃ¡n,32043,9
32,TepechitlÃ¡n,32045,9
32,Tepetongo,32046,9
32,TeÃºl de GonzÃ¡lez Ortega,32047,9
